{
  "sourcedbconnection": "jdbc:oracle:thin:ETQ_INSTINCT_DATA_BEAT/ETQ_INSTINCT_DATA_BEAT@etqprddbrep.jnj.com:1521:MRAP0583",
  "maillist": "DL-MNTUS-DataBeats-Support@ITS.JNJ.com",
  "backupdirectory": "/prod/edl/sc/fda/str/fda_arch/",
  "sourcetype": "teradata",
  "teradatajobruntable": "JSC_EDW_RUN_ID_CNTL",
  "batchloadtable": "DATABEAT_EDL_ETL_BTCH_ID_STAT",
  "mapcount": "4",
  "hivewrkdb": "fda_wrk",
  "application": "ETQ_INSTINCT",
  "loadfrequency": "Daily",
  "driver": "",
  "hdfsbasefolder": "/prod/edl/sc/fda/str",
  "retrycount": "2",
  "sourceusername": "ETQ_INSTINCT_DATA_BEAT",
  "keytab": "/data/data01/prod/edl/sc/fda/appcode/scripts/safdaep.keytab",
  "hivebackupdb": "fda_arch",
  "sourcedb": "oracle",
  "jobruntable": "DATABEAT_EDL_RUN_ID_CNTL",
  "maxbackupdays": "2",
  "sourceschema": "MDD_CAPA",
  "fromaddress": "Databeat@itsusraedlp11.jnj.com",
  "hivebackupconnection":"jdbc:hive2://itsusraedlp03.jnj.com:10000/fda_stg;principal=hive/itsusraedlp03.jnj.com@NA.JNJ.COM",
  "principal": "safdaep@NA.JNJ.COM",
  "environment": "PROD",
  "hivedb": "fda_stg",
  "teradataurl": "jdbc:teradata://RATDPRD/Database=SCMAIN_S,CHARSET=UTF8,LOGMECH=LDAP",
  "teradatausername": "SA-JSC-SCMAIN2-ETL-P",
  "teradatapassword": "jJgmhoUVvz2eXTToTot9aPbd3YH+kBeYns1n/FwHXJ8=",
  "sourcepassword": "yJ7ehlm/OTOuRyEqPO/a3w4Y7Dgj4P4Hy9eM1MFVU70ybufa9x6hY0JYJ8V2EMKQ",
  "hiveconnection": " jdbc:hive2://edlhiveprod.jnj.com:10000/fda_stg;principal=hive/edlhiveprod.jnj.com@NA.JNJ.COM",
  "sourcesystemcode": "9797",
  "srcrunstatustable": "src_run_status_table",
  "logdirectory": "/data/data01/prod/edl/sc/fda/appcode/logs/",
  "hivemetadb" : "fda_stg",
  "tables": [
    {
      "table": "DATA_BEAT_ETQ_INST_CAPA_MVIEW",
      "splitbykey": "CAPA_NUMBER",
      "hivecolumns": "`CAPA_NUMBER` string,`CAPA_CREATED_DATE` timestamp,`CAPA_CURRENT_PHASE` string,`CAPA_OWNER` string,`CAPA_TITLE` string,`CAPA_OPCO_SITE` string,`CAPA_FUNC_AREA` string,`CAPA_PRODUCT_FAMILY` string,`CAPA_IS_SUPPLIER_REL` string,`CAPA_SUPPLIERS` string,`CAPA_CLOSED_DATE` timestamp,`ACTION_TYPE` string,`ACT_ACTION_NUMBER` string,`ACT_CREATED_DATE` timestamp,`ACT_CURRENT_PHASE` string,`ACT_DUE_DATE` timestamp,`ACT_OWNER` string,`ACT_ACTION_PLAN` string,`ACT_COMPLETION_DATE` timestamp,`ACT_CLOSED_DATE` timestamp,`EM_WAS_EFFECTIVE` string",
      "columns": "CAPA_NUMBER ,CAPA_CREATED_DATE ,CAPA_CURRENT_PHASE ,CAPA_OWNER ,CAPA_TITLE ,CAPA_OPCO_SITE ,CAPA_FUNC_AREA ,CAPA_PRODUCT_FAMILY ,CAPA_IS_SUPPLIER_REL ,CAPA_SUPPLIERS ,CAPA_CLOSED_DATE ,ACTION_TYPE ,ACT_ACTION_NUMBER ,ACT_CREATED_DATE ,ACT_CURRENT_PHASE ,ACT_DUE_DATE ,ACT_OWNER ,ACT_ACTION_PLAN ,ACT_COMPLETION_DATE ,ACT_CLOSED_DATE ,EM_WAS_EFFECTIVE ",
      "extracolumnstype": "current_time timestamp,updated_time timestamp,id int",
      "extracolumns": "current_time,updated_time,id",
      "query_based_import": "N",
      "fullload": "Y"
  }
  ]
}
