{
  "sourcedbconnection": "jdbc:oracle:thin:ETQ_INSTINCT_DATA_BEAT/ETQ_INSTINCT_DATA_BEAT@etqprddbrep.jnj.com:1521:MRAP0583",
  "maillist": "DL-MNTUS-DataBeats-Support@ITS.JNJ.com,DL-JJCUS-GLOBAL-ANALYTICS-MEDICAL-DEVICES-SUPPLY-CHAIN@its.jnj.com",
  "backupdirectory": "/prod/edl/sc/fda/str/fda_arch/",
  "sourcetype": "teradata",
  "teradatajobruntable": "JSC_EDW_RUN_ID_CNTL",
  "batchloadtable": "DATABEAT_EDL_ETL_BTCH_ID_STAT",
  "mapcount": "4",
  "hivewrkdb": "fda_wrk",
  "application": "ETQ_INSTINCT",
  "loadfrequency": "Daily",
  "driver": "",
  "hdfsbasefolder": "/prod/edl/sc/fda/str",
  "retrycount": "2",
  "sourceusername": "ETQ_INSTINCT_DATA_BEAT",
  "keytab": "/data/data01/prod/edl/sc/fda/appcode/scripts/safdaep.keytab",
  "hivebackupdb": "fda_arch",
  "sourcedb": "oracle",
  "jobruntable": "DATABEAT_EDL_RUN_ID_CNTL",
  "maxbackupdays": "2",
  "sourceschema": "MDD_NC",
  "fromaddress": "Databeat@itsusraedlp11.jnj.com",
  "hivebackupconnection":"jdbc:hive2://itsusraedlp03.jnj.com:10000/fda_stg;principal=hive/itsusraedlp03.jnj.com@NA.JNJ.COM",
  "principal": "safdaep@NA.JNJ.COM",
  "environment": "PROD",
  "hivedb": "fda_stg",
  "teradataurl": "jdbc:teradata://RATDPRD/Database=SCMAIN_S,CHARSET=UTF8,LOGMECH=LDAP",
  "teradatausername": "SA-JSC-SCMAIN2-ETL-P",
  "teradatapassword": "jJgmhoUVvz2eXTToTot9aPbd3YH+kBeYns1n/FwHXJ8=",
  "sourcepassword": "yJ7ehlm/OTOuRyEqPO/a3w4Y7Dgj4P4Hy9eM1MFVU70ybufa9x6hY0JYJ8V2EMKQ",
  "hiveconnection": " jdbc:hive2://edlhiveprod.jnj.com:10000/fda_stg;principal=hive/edlhiveprod.jnj.com@NA.JNJ.COM",
  "sourcesystemcode": "9797",
  "srcrunstatustable": "src_run_status_table",
  "logdirectory": "/data/data01/prod/edl/sc/fda/appcode/logs/",
  "hivemetadb" : "fda_stg",
  "tables": [
    {
      "table": "DATA_BEAT_ETQ_INST_CD_MVIEW",
      "splitbykey": "CALIBRATION_DISP_ID",
      "hivecolumns": "`CALIBRATION_DISP_ID` INT,`CD_NUMBER` STRING,`CD_NC_NUMBER` STRING,`CD_CREATED_DATE` TIMESTAMP,`CD_CREATED_BY` STRING,`CD_CLOSED_DATE` TIMESTAMP,`CD_DOCUMENT_AGE` INT,`CD_CURRENT_PHASE` STRING,`CD_PHASE_AGE` INT,`CD_NC_INVESTIGATOR` STRING,`CD_CALIBRATION_DISPOSITIONER` STRING,`CD_SITE_OCCURED` STRING,`CD_EQUIPMENT_NAME` STRING,`CD_DUE_DATE` TIMESTAMP,`CD_CURRENT_ASSIGNEE` STRING,`CD_SITE_FOUND` STRING,`CD_LAST_DATE_CAL` TIMESTAMP,`CD_DESCRIBE_PRELM_ACTION` STRING,`CD_CALIBRATION_DISPOSITIONS` STRING,`CD_REPAIR_QUANTITY` INT,`CD_REPLACE_QUANTITY` INT,`CD_RETURN_2_SERVICE_QUANTITY` INT,`CALIB_DISP_SCRAP_QUANTITY` INT,`CD_CALIB_DESC_JUST` STRING,`CD_VERIFICATN_REQRD` STRING,`CD_VERIFIER` STRING,`CD_MAT_REVW_BRD_DISP_PLAN` STRING,`CD_DISPOSITIONER_DEPARTMENT` STRING,`CD_APPROVER_DEPARTMENT` STRING,`CD_APPROVER` STRING,`CD_ADDITIONAL_APPROVER` STRING,`CD_IS_NC_ACCURATE_COMPLETE` STRING,`CD_IS_IMPACT_ADDRESSED` STRING,`CD_EXECUTION_RESULT` STRING,`CD_IS_ACTIVITY_EXECUTED` STRING,`CD_IS_EVIDENCE_ATTACHED` STRING",
      "columns": "CALIBRATION_DISP_ID,CD_NUMBER,CD_NC_NUMBER,CD_CREATED_DATE,CD_CREATED_BY,CD_CLOSED_DATE,CD_DOCUMENT_AGE,CD_CURRENT_PHASE,CD_PHASE_AGE,CD_NC_INVESTIGATOR,CD_CALIBRATION_DISPOSITIONER,CD_SITE_OCCURED,CD_EQUIPMENT_NAME,CD_DUE_DATE,CD_CURRENT_ASSIGNEE,CD_SITE_FOUND,CD_LAST_DATE_CAL,CD_DESCRIBE_PRELM_ACTION,CD_CALIBRATION_DISPOSITIONS,CD_REPAIR_QUANTITY,CD_REPLACE_QUANTITY,CD_RETURN_2_SERVICE_QUANTITY,CALIB_DISP_SCRAP_QUANTITY,CD_CALIB_DESC_JUST,CD_VERIFICATN_REQRD,CD_VERIFIER,CD_MAT_REVW_BRD_DISP_PLAN,CD_DISPOSITIONER_DEPARTMENT,CD_APPROVER_DEPARTMENT,CD_APPROVER,CD_ADDITIONAL_APPROVER,CD_IS_NC_ACCURATE_COMPLETE,CD_IS_IMPACT_ADDRESSED,CD_EXECUTION_RESULT,CD_IS_ACTIVITY_EXECUTED,CD_IS_EVIDENCE_ATTACHED",
      "extracolumnstype": "current_time timestamp,updated_time timestamp,id int",
      "extracolumns": "current_time,updated_time,id",
      "query_based_import": "N",
      "fullload": "Y"
    },
 {
      "table": "DATA_BEAT_ETQ_INST_PD_MVIEW",
      "splitbykey": "PROD_DISPOSITION_ID",
      "hivecolumns": "`PROD_DISPOSITION_ID` INT,`PRODUCT_ID_INIT` STRING,`PRODUCT_ID_ADDNL` STRING,`PDR_PRODUCT_ID` STRING,`PD_NC_NUMBER` STRING,`PD_DOCUMENT_NUMBER` STRING,`PD_CREATED_DATE` TIMESTAMP,`PD_CREATED_BY` STRING,`PD_CURRENT_PHASE` STRING,`PD_CLOSED_DATE` TIMESTAMP,`PD_DOCUMENT_AGE` INT,`NC_INVESTIGATOR` STRING,`PRODUCT_DISPOSITIONER` STRING,`PD_CURRENT_ASSIGNEE` STRING,`PD_SITE_OCCURRED` STRING,`PD_IDENTIFY_DEFECT_TYPE` STRING,`PD_NC_CLASSIFICATION` STRING,`PD_DEFECT_TIER_1` STRING,`PD_DEFECT_TIER_2` STRING,`PD_DEFECT_TIER_3` STRING,`PD_DEFECT_TIER_4` STRING,`PD_PART_NUMBER` STRING,`PD_MATERIAL_DESCRIPTION` STRING,`PD_MATERIAL_FAMILY` STRING,`PD_LOT_NUMBER` STRING,`PD_LOT_QUANTITY` INT,`PD_UNIT_OF_MEASURE` STRING,`MPD_ATERIAL_TYPE` STRING,`PD_WORK_ORDER_NUMBER` STRING,`PD_CONTAINMENT_STATUS` STRING,`PD_STOP_SHIP_REFERENCE` STRING,`PD_DISPOSITIONS` STRING,`PD_RELEASE_FROM_HOLD_QUANTITY` INT,`PD_USE_AS_IS_QUANTITY` INT,`PD_REWORK_QUANTITY` INT,`PD_SCRAP_QUANTITY` INT,`PD_RE_TO_VENDOR_QUANTITY` INT,`PD_DISPOSITION_DESCRIPTION` STRING,`PD_DESC_PRIM_ACTION` STRING,`PD_DISPTN_VERIFICATION_REQD` STRING,`PD_IS_APPROVALS_REQUIRED` STRING,`PD_DEPARTMENT` STRING,`PD_APPROVER` STRING,`PD_ADDITIONAL_APPROVER` STRING,`PD_PHASE_AGE` INT,`PD_VERIFIER` STRING,`PROD_DISP_BOARD_DISP_PLAN` STRING,`PROD_DISP_APRV_MTRX_CHK` STRING,`PD_IS_ANALYSIS_COMPLETE` STRING,`PD_IS_IMPACT_ADDRESSED` STRING,`PD_EXECUTION_RESULTS` STRING,`PD_IS_ACTIVITY_EXECUTED` STRING,`PD_IS_EVIDENCE_ATTACHED` STRING",
      "columns": "PROD_DISPOSITION_ID,PRODUCT_ID_INIT,PRODUCT_ID_ADDNL,PDR_PRODUCT_ID,PD_NC_NUMBER,PD_DOCUMENT_NUMBER,PD_CREATED_DATE,PD_CREATED_BY,PD_CURRENT_PHASE,PD_CLOSED_DATE,PD_DOCUMENT_AGE,NC_INVESTIGATOR,PRODUCT_DISPOSITIONER,PD_CURRENT_ASSIGNEE,PD_SITE_OCCURRED,PD_IDENTIFY_DEFECT_TYPE,PD_NC_CLASSIFICATION,PD_DEFECT_TIER_1,PD_DEFECT_TIER_2,PD_DEFECT_TIER_3,PD_DEFECT_TIER_4,PD_PART_NUMBER,PD_MATERIAL_DESCRIPTION,PD_MATERIAL_FAMILY,PD_LOT_NUMBER,PD_LOT_QUANTITY,PD_UNIT_OF_MEASURE,MPD_ATERIAL_TYPE,PD_WORK_ORDER_NUMBER,PD_CONTAINMENT_STATUS,PD_STOP_SHIP_REFERENCE,PD_DISPOSITIONS,PD_RELEASE_FROM_HOLD_QUANTITY,PD_USE_AS_IS_QUANTITY,PD_REWORK_QUANTITY,PD_SCRAP_QUANTITY,PD_RE_TO_VENDOR_QUANTITY,PD_DISPOSITION_DESCRIPTION,PD_DESC_PRIM_ACTION,PD_DISPTN_VERIFICATION_REQD,PD_IS_APPROVALS_REQUIRED,PD_DEPARTMENT,PD_APPROVER,PD_ADDITIONAL_APPROVER,PD_PHASE_AGE,PD_VERIFIER,PROD_DISP_BOARD_DISP_PLAN,PROD_DISP_APRV_MTRX_CHK,PD_IS_ANALYSIS_COMPLETE,PD_IS_IMPACT_ADDRESSED,PD_EXECUTION_RESULTS,PD_IS_ACTIVITY_EXECUTED,PD_IS_EVIDENCE_ATTACHED",
      "extracolumnstype": "current_time timestamp,updated_time timestamp,id int",
      "extracolumns": "current_time,updated_time,id",
      "query_based_import": "N",
      "fullload": "Y"
    },
 {
      "table": "DATA_BEAT_ETQ_INST_NCA_MVIEW",
      "splitbykey": "NC_ACTION_ID",
      "hivecolumns": "`NC_ACTION_ID` INT,`NCA_CREATED_DATE` TIMESTAMP,`NC_ACTION_NUMBER` STRING,`NC_NUMBER` STRING,`NCA_CURRENT_PHASE` STRING,`NCA_SITE_OCCURRED` STRING,`NCA_CREATED_BY` STRING,`NCA_CURRENT_ASSIGNEE` STRING,`NCA_DOCUMENT_AGE` INT,`NC_ACTION_DESCRIPTION` STRING,`NCA_INVESTIGATOR` STRING,`NCA_DUE_DATE` TIMESTAMP,`NC_ACTION_ASSIGNEE` STRING,`NCA_DOC_ACTION_RESULTS` STRING,`NC_ACTION_COMPLETE_ACCURATE` STRING,`NCA_CLOSED_DATE` TIMESTAMP",
      "columns": "NC_ACTION_ID,NCA_CREATED_DATE,NC_ACTION_NUMBER,NC_NUMBER,NCA_CURRENT_PHASE,NCA_SITE_OCCURRED,NCA_CREATED_BY,NCA_CURRENT_ASSIGNEE,NCA_DOCUMENT_AGE,NC_ACTION_DESCRIPTION,NCA_INVESTIGATOR,NCA_DUE_DATE,NC_ACTION_ASSIGNEE,NCA_DOC_ACTION_RESULTS,NC_ACTION_COMPLETE_ACCURATE,NCA_CLOSED_DATE",
      "extracolumnstype": "current_time timestamp,updated_time timestamp,id int",
      "extracolumns": "current_time,updated_time,id",
      "query_based_import": "N",
      "fullload": "Y"
    },
 {
      "table": "DATA_BEAT_ETQ_INST_NC_MVIEW",
      "splitbykey": "MDD_NC_ID",
      "hivecolumns": "`MDD_NC_ID` INT,`NC_NUMBER` STRING,`NC_CURRENT_PHASE` STRING,`NC_CREATED_DATE` TIMESTAMP,`NC_CLOSED_DATE` TIMESTAMP,`NC_DUE_DATE` TIMESTAMP,`NC_ASSIGN_TO` STRING,`CREATED_BY` STRING,`NC_INITIATOR` STRING,`OPCO_SITE` STRING,`NONCONFORMANCE_TYPE` STRING,`NCC_CLASSIFICATION_METHOD` STRING,`PRODUCT_ID_INIT` INT,`PRODUCT_ID_ADDNL` INT,`PRODUCT_BOUND` STRING,`PRODUCT_ID` INT,`NC_DISPOSITIONED` STRING,`NC_LOT_DISPOSITION_METHOD` STRING,`PRODUCT_CODE` STRING,`PRODUCT_GROUP` STRING,`MATERIAL_DESCRIPTION` STRING,`MATERIAL_FAMILY` STRING,`LOT_NUMBER` STRING,`UNIT_OF_MEASURE` STRING,`BATCH_STATUS` STRING,`IDENTIFY_DEFECT_TYPE` STRING,`NCC_TYPE` STRING,`DEFECT_TIER_1` STRING,`DEFECT_TYPE_TIER_2` STRING,`DEFECT_TIER_3` STRING,`DEFECT_TIER_4` STRING,`IS_ERROR_RECORD` STRING,`ERROR_JUSTIFICATION` STRING,`BOUNDING_RATIONALE` STRING,`NC_COMPLETED_DATE` TIMESTAMP,`SITE_FOUND` STRING,`NC_FOUND_DATE` TIMESTAMP,`FUNC_AREA` STRING,`BUSINESS_UNIT` STRING,`NC_PROBLEM_DESC` STRING,`RISK_LEVEL` STRING,`NC_SPECIF_REF` STRING,`NC_DOC_TITLE` STRING,`NC_SPECIF_REV` STRING,`NC_REQ_NOT_MET` STRING,`NC_ACTION_REQUIRED` STRING,`NC_DOC_ACTIONS_TAKEN` STRING,`JUSTIFY_FOR_NO_ACTION` STRING,`NC_INITIAL_BOUNDING` STRING,`NC_GAGE_IDENTIFICATION` STRING,`NC_EQUIPMENT_NAME` STRING,`NC_EVALUATOR` STRING,`NC_LAST_CALIB_DATE` TIMESTAMP,`MDD_NC_DETAILED_ATTACH` STRING,`CONFIRMED_NON_CONFORMANCE` STRING,`NC_SITE` STRING,`JUSTIFY_WHY_NOT_A_NC` STRING,`NC_APPROVER_EVALUATION` STRING,`NC_INVESTIGATOR` STRING,`PRODUCT_DISPOSITIONER` STRING,`NC_LICENSED_BIOLOGICAL_PRODUCT` STRING,`CALIB_DISP_WORKFLOW_REQD` STRING,`NC_CALIBRATION_DISPOSITIONER` STRING,`PRELIM_CAUSE_ANALYSIS` STRING,`ASSIGN_OWNERSHIP` STRING,`FUNC_AREA_WHERE_OCCURED` STRING,`PROCESS_AREA` STRING,`WHEN_OCCURRED` TIMESTAMP,`RISK_DETERMINATION` STRING,`DOC_NC_REC_REVW` STRING,`RESULTS_NC_RECORDS_REV` STRING,`NEAR_MISS` STRING,`RISK_RATIONALE` STRING,`IS_CALIBRATION_NC` STRING,`SUPPLIER_RELATED_NC` STRING,`SUPPLIER_ID` INT,`ETQ_SUPPLIER_ID` STRING,`SUPPLIER_IDENTIFICATION` STRING,`SUPPLIER_ADDRESS` STRING,`SUPPLIER_CITY` STRING,`SUPPLIER_STATE` STRING,`SUPPLIER_COUNTRY` STRING,`SUPPLIER_POSTAL_CODE` STRING,`SUPPLIER_CONTACT_INFO` STRING,`SUPPLIER_COMMODITY_TYPE` STRING,`SUPPLIER_DIRECT_CATEGORY` STRING,`SUPPLIER_SUB_CATEGORY` STRING,`SUPPLIER_CATEGORY` STRING,`SUPPLIER_PART_NUMBER` STRING,`SUPPLIER_PURCHASE_ORDER` STRING,`SUPPLIER_DOCK_SHIP_STOCK` STRING,`IS_PRODUCT_EFFECTED` INT,`PROD_EFFECTED_JUSTIFY` STRING,`NC_ACTION_REQ` STRING,`INVEST_ACT_JUSTIFY` STRING,`INVESTIGATION_RESULTS` STRING,`ASSIGNABLE_CAUSE` STRING,`ESCALATE_TO` STRING,`REFERENCE_NUMBER` STRING,`NC_APPROVER_INVESTIGATION` STRING,`NC_ADDITIONAL_APPROVER` STRING,`IS_ANALYSIS_COMPLETE` STRING,`IS_EVIDENCE_ATTACHED` STRING,`IS_NON_NC_COMPLETE` STRING,`IS_PRODUCT_HOLD_REMOVED` INT,`COMMENTS` STRING",
      "columns": "MDD_NC_ID,NC_NUMBER,NC_CURRENT_PHASE,NC_CREATED_DATE,NC_CLOSED_DATE,NC_DUE_DATE,NC_ASSIGN_TO,CREATED_BY,NC_INITIATOR,OPCO_SITE,NONCONFORMANCE_TYPE,NCC_CLASSIFICATION_METHOD,PRODUCT_ID_INIT,PRODUCT_ID_ADDNL,PRODUCT_BOUND,PRODUCT_ID,NC_DISPOSITIONED,NC_LOT_DISPOSITION_METHOD,PRODUCT_CODE,PRODUCT_GROUP,MATERIAL_DESCRIPTION,MATERIAL_FAMILY,LOT_NUMBER,UNIT_OF_MEASURE,BATCH_STATUS,IDENTIFY_DEFECT_TYPE,NCC_TYPE,DEFECT_TIER_1,DEFECT_TYPE_TIER_2,DEFECT_TIER_3,DEFECT_TIER_4,IS_ERROR_RECORD,ERROR_JUSTIFICATION,BOUNDING_RATIONALE,NC_COMPLETED_DATE,SITE_FOUND,NC_FOUND_DATE,FUNC_AREA,BUSINESS_UNIT,NC_PROBLEM_DESC,RISK_LEVEL,NC_SPECIF_REF,NC_DOC_TITLE,NC_SPECIF_REV,NC_REQ_NOT_MET,NC_ACTION_REQUIRED,NC_DOC_ACTIONS_TAKEN,JUSTIFY_FOR_NO_ACTION,NC_INITIAL_BOUNDING,NC_GAGE_IDENTIFICATION,NC_EQUIPMENT_NAME,NC_EVALUATOR,NC_LAST_CALIB_DATE,MDD_NC_DETAILED_ATTACH,CONFIRMED_NON_CONFORMANCE,NC_SITE,JUSTIFY_WHY_NOT_A_NC,NC_APPROVER_EVALUATION,NC_INVESTIGATOR,PRODUCT_DISPOSITIONER,NC_LICENSED_BIOLOGICAL_PRODUCT,CALIB_DISP_WORKFLOW_REQD,NC_CALIBRATION_DISPOSITIONER,PRELIM_CAUSE_ANALYSIS,ASSIGN_OWNERSHIP,FUNC_AREA_WHERE_OCCURED,PROCESS_AREA,WHEN_OCCURRED,RISK_DETERMINATION,DOC_NC_REC_REVW,RESULTS_NC_RECORDS_REV,NEAR_MISS,RISK_RATIONALE,IS_CALIBRATION_NC,SUPPLIER_RELATED_NC,SUPPLIER_ID,ETQ_SUPPLIER_ID,SUPPLIER_IDENTIFICATION,SUPPLIER_ADDRESS,SUPPLIER_CITY,SUPPLIER_STATE,SUPPLIER_COUNTRY,SUPPLIER_POSTAL_CODE,SUPPLIER_CONTACT_INFO,SUPPLIER_COMMODITY_TYPE,SUPPLIER_DIRECT_CATEGORY,SUPPLIER_SUB_CATEGORY,SUPPLIER_CATEGORY,SUPPLIER_PART_NUMBER,SUPPLIER_PURCHASE_ORDER,SUPPLIER_DOCK_SHIP_STOCK,IS_PRODUCT_EFFECTED,PROD_EFFECTED_JUSTIFY,NC_ACTION_REQ,INVEST_ACT_JUSTIFY,INVESTIGATION_RESULTS,ASSIGNABLE_CAUSE,ESCALATE_TO,REFERENCE_NUMBER,NC_APPROVER_INVESTIGATION,NC_ADDITIONAL_APPROVER,IS_ANALYSIS_COMPLETE,IS_EVIDENCE_ATTACHED,IS_NON_NC_COMPLETE,IS_PRODUCT_HOLD_REMOVED,COMMENTS",
      "extracolumnstype": "current_time timestamp,updated_time timestamp,id int",
      "extracolumns": "current_time,updated_time,id",
      "query_based_import": "N",
      "fullload": "Y"
    }

  ]
}
