<?xml version="1.0" encoding="UTF-8"?>

<!--Autogenerated by Cloudera Manager-->
<configuration>
  <property>
    <name>fs.defaultFS</name>
    <value>hdfs://nameservice1</value>
  </property>
  <property>
    <name>fs.trash.interval</name>
    <value>1</value>
  </property>
  <property>
    <name>io.compression.codecs</name>
    <value>org.apache.hadoop.io.compress.DefaultCodec,org.apache.hadoop.io.compress.GzipCodec,org.apache.hadoop.io.compress.BZip2Codec,org.apache.hadoop.io.compress.DeflateCodec,org.apache.hadoop.io.compress.SnappyCodec,org.apache.hadoop.io.compress.Lz4Codec</value>
  </property>
  <property>
    <name>hadoop.security.authentication</name>
    <value>kerberos</value>
  </property>
  <property>
    <name>hadoop.security.authorization</name>
    <value>true</value>
  </property>
  <property>
    <name>hadoop.rpc.protection</name>
    <value>privacy</value>
  </property>
  <property>
    <name>hadoop.security.auth_to_local</name>
    <value>RULE:[1:$1@$0](HTTP@\QJNJ.COM\E$)s/@\QJNJ.COM\E$//
RULE:[2:$1@$0](HTTP@\QJNJ.COM\E$)s/@\QJNJ.COM\E$//
RULE:[1:$1@$0](.*@\QDFDEV.JNJ.COM\E$)s/@\QDFDEV.JNJ.COM\E$//L
RULE:[2:$1@$0](.*@\QDFDEV.JNJ.COM\E$)s/@\QDFDEV.JNJ.COM\E$//L
RULE:[1:$1@$0](.*@\QNA.JNJ.COM\E$)s/@\QNA.JNJ.COM\E$//L
RULE:[2:$1@$0](.*@\QNA.JNJ.COM\E$)s/@\QNA.JNJ.COM\E$//L
RULE:[1:$1@$0](.*@\QJNJ.COM\E$)s/@\QJNJ.COM\E$//L
RULE:[2:$1@$0](.*@\QJNJ.COM\E$)s/@\QJNJ.COM\E$//L
RULE:[1:$1@$0](.*@\QSOUS.SYNTHES.COM\E$)s/@\QSOUS.SYNTHES.COM\E$//L
RULE:[2:$1@$0](.*@\QSOUS.SYNTHES.COM\E$)s/@\QSOUS.SYNTHES.COM\E$//L
RULE:[1:$1@$0](.*@\QAD.ORTHOCLINICAL.COM\E$)s/@\QAD.ORTHOCLINICAL.COM\E$//L
RULE:[2:$1@$0](.*@\QAD.ORTHOCLINICAL.COM\E$)s/@\QAD.ORTHOCLINICAL.COM\E$//L
RULE:[1:$1@$0](.*@\QAP.JNJ.COM\E$)s/@\QAP.JNJ.COM\E$//L
RULE:[2:$1@$0](.*@\QAP.JNJ.COM\E$)s/@\QAP.JNJ.COM\E$//L
RULE:[1:$1@$0](.*@\QEU.JNJ.COM\E$)s/@\QEU.JNJ.COM\E$//L
RULE:[2:$1@$0](.*@\QEU.JNJ.COM\E$)s/@\QEU.JNJ.COM\E$//L
RULE:[1:$1@$0](.*@\QEX.JNJ.COM\E$)s/@\QEX.JNJ.COM\E$//L
RULE:[2:$1@$0](.*@\QEX.JNJ.COM\E$)s/@\QEX.JNJ.COM\E$//L
RULE:[1:$1@$0](.*@\QHPS-JNJ.LOCAL\E$)s/@\QHPS-JNJ.LOCAL\E$//
RULE:[2:$1@$0](.*@\QHPS-JNJ.LOCAL\E$)s/@\QHPS-JNJ.LOCAL\E$//
RULE:[1:$1@$0](.*@\QLA.JNJ.COM\E$)s/@\QLA.JNJ.COM\E$//L
RULE:[2:$1@$0](.*@\QLA.JNJ.COM\E$)s/@\QLA.JNJ.COM\E$//L
RULE:[1:$1@$0](.*@\QSAP.SJNJ.COM\E$)s/@\QSAP.SJNJ.COM\E$//L
RULE:[2:$1@$0](.*@\QSAP.SJNJ.COM\E$)s/@\QSAP.SJNJ.COM\E$//L
RULE:[1:$1@$0](.*@\QSEU.SJNJ.COM\E$)s/@\QSEU.SJNJ.COM\E$//L
RULE:[2:$1@$0](.*@\QSEU.SJNJ.COM\E$)s/@\QSEU.SJNJ.COM\E$//L
RULE:[1:$1@$0](.*@\QSJNJ.COM\E$)s/@\QSJNJ.COM\E$//L
RULE:[2:$1@$0](.*@\QSJNJ.COM\E$)s/@\QSJNJ.COM\E$//L
RULE:[1:$1@$0](.*@\QSLA.SJNJ.COM\E$)s/@\QSLA.SJNJ.COM\E$//L
RULE:[2:$1@$0](.*@\QSLA.SJNJ.COM\E$)s/@\QSLA.SJNJ.COM\E$//L
RULE:[1:$1@$0](.*@\QSNA.SJNJ.COM\E$)s/@\QSNA.SJNJ.COM\E$//L
RULE:[2:$1@$0](.*@\QSNA.SJNJ.COM\E$)s/@\QSNA.SJNJ.COM\E$//L
RULE:[1:$1@$0](.*@\QSYNTHES.COM\E$)s/@\QSYNTHES.COM\E$//L
RULE:[2:$1@$0](.*@\QSYNTHES.COM\E$)s/@\QSYNTHES.COM\E$//L
DEFAULT</value>
  </property>
  <property>
    <name>hadoop.proxyuser.oozie.hosts</name>
    <value>*</value>
  </property>
  <property>
    <name>hadoop.proxyuser.oozie.groups</name>
    <value>*</value>
  </property>
  <property>
    <name>hadoop.proxyuser.flume.hosts</name>
    <value>*</value>
  </property>
  <property>
    <name>hadoop.proxyuser.flume.groups</name>
    <value>*</value>
  </property>
  <property>
    <name>hadoop.proxyuser.HTTP.hosts</name>
    <value>*</value>
  </property>
  <property>
    <name>hadoop.proxyuser.HTTP.groups</name>
    <value>*</value>
  </property>
  <property>
    <name>hadoop.proxyuser.hive.hosts</name>
    <value>*</value>
  </property>
  <property>
    <name>hadoop.proxyuser.hive.groups</name>
    <value>*</value>
  </property>
  <property>
    <name>hadoop.proxyuser.hue.hosts</name>
    <value>*</value>
  </property>
  <property>
    <name>hadoop.proxyuser.hue.groups</name>
    <value>*</value>
  </property>
  <property>
    <name>hadoop.proxyuser.httpfs.hosts</name>
    <value>*</value>
  </property>
  <property>
    <name>hadoop.proxyuser.httpfs.groups</name>
    <value>*</value>
  </property>
  <property>
    <name>hadoop.proxyuser.hdfs.groups</name>
    <value>*</value>
  </property>
  <property>
    <name>hadoop.proxyuser.hdfs.hosts</name>
    <value>*</value>
  </property>
  <property>
    <name>hadoop.proxyuser.yarn.hosts</name>
    <value>*</value>
  </property>
  <property>
    <name>hadoop.proxyuser.yarn.groups</name>
    <value>*</value>
  </property>
  <property>
    <name>hadoop.security.group.mapping</name>
    <value>org.apache.hadoop.security.ShellBasedUnixGroupsMapping</value>
  </property>
  <property>
    <name>hadoop.security.instrumentation.requires.admin</name>
    <value>false</value>
  </property>
  <property>
    <name>net.topology.script.file.name</name>
    <value>/etc/hadoop/conf.cloudera.yarn/topology.py</value>
  </property>
  <property>
    <name>io.file.buffer.size</name>
    <value>65536</value>
  </property>
  <property>
    <name>hadoop.ssl.enabled</name>
    <value>true</value>
  </property>
  <property>
    <name>hadoop.ssl.require.client.cert</name>
    <value>false</value>
    <final>true</final>
  </property>
  <property>
    <name>hadoop.ssl.keystores.factory.class</name>
    <value>org.apache.hadoop.security.ssl.FileBasedKeyStoresFactory</value>
    <final>true</final>
  </property>
  <property>
    <name>hadoop.ssl.server.conf</name>
    <value>ssl-server.xml</value>
    <final>true</final>
  </property>
  <property>
    <name>hadoop.ssl.client.conf</name>
    <value>ssl-client.xml</value>
    <final>true</final>
  </property>
  <property>
    <name>ipc.client.fallback-to-simple-auth-allowed</name>
    <value>true</value>
  </property>
  <property>
    <name>hadoop.proxyuser.sa-infa-bd-nonprod.groups</name>
    <value>*</value>
  </property>
  <property>
    <name>hadoop.proxyuser.sa-infa-bd-nonprod.hosts</name>
    <value>*</value>
  </property>
  <property>
    <name>hadoop.kms.proxyuser.sa-infa-bd-nonprod.hosts</name>
    <value>*</value>
  </property>
  <property>
    <name>hadoop.kms.proxyuser.sa-infa-bd-nonprod.users</name>
    <value>*</value>
  </property>
  <property>
    <name>hadoop.kms.proxyuser.sa-infa-bd-nonprod.groups</name>
    <value>*</value>
  </property>
  <property>
    <name>hadoop.proxyuser.saedlldd.hosts</name>
    <value>*</value>
  </property>
  <property>
    <name>hadoop.proxyuser.saedlldd.groups</name>
    <value>*</value>
  </property>
  <property>
    <name>fs.s3a.server-side-encryption-algorithm</name>
    <value>AES256</value>
  </property>
  <property>
    <name>hadoop.proxyuser.sdc.groups</name>
    <value>*</value>
  </property>
  <property>
    <name>hadoop.proxyuser.sdc.hosts</name>
    <value>*</value>
  </property>
  <property>
    <name>hadoop.proxyuser.sa-infa-bd-nonprod.users</name>
    <value>*</value>
  </property>
  <property>
    <name>hadoop.proxyuser.satrfind.hosts</name>
    <value>*</value>
  </property>
  <property>
    <name>hadoop.proxyuser.satrfind.groups</name>
    <value>*</value>
  </property>
  <property>
    <name>hadoop.kms.proxyuser.sdc.users</name>
    <value>*</value>
  </property>
</configuration>
