<?xml version="1.0" encoding="UTF-8"?>

<!--Autogenerated by Cloudera Manager-->
<configuration>
  <property>
    <name>dfs.nameservices</name>
    <value>nameservice1</value>
  </property>
  <property>
    <name>dfs.client.failover.proxy.provider.nameservice1</name>
    <value>org.apache.hadoop.hdfs.server.namenode.ha.ConfiguredFailoverProxyProvider</value>
  </property>
  <property>
    <name>dfs.ha.automatic-failover.enabled.nameservice1</name>
    <value>true</value>
  </property>
  <property>
    <name>ha.zookeeper.quorum</name>
    <value>itsusralsp08773.jnj.com:2181,itsusralsp08777.jnj.com:2181,itsusralsp08796.jnj.com:2181</value>
  </property>
  <property>
    <name>dfs.ha.namenodes.nameservice1</name>
    <value>namenode468,namenode425</value>
  </property>
  <property>
    <name>dfs.namenode.rpc-address.nameservice1.namenode468</name>
    <value>itsusralsp08773.jnj.com:8020</value>
  </property>
  <property>
    <name>dfs.namenode.servicerpc-address.nameservice1.namenode468</name>
    <value>itsusralsp08773.jnj.com:8022</value>
  </property>
  <property>
    <name>dfs.namenode.http-address.nameservice1.namenode468</name>
    <value>itsusralsp08773.jnj.com:9870</value>
  </property>
  <property>
    <name>dfs.namenode.https-address.nameservice1.namenode468</name>
    <value>itsusralsp08773.jnj.com:50470</value>
  </property>
  <property>
    <name>dfs.namenode.rpc-address.nameservice1.namenode425</name>
    <value>itsusralsp08796.jnj.com:8020</value>
  </property>
  <property>
    <name>dfs.namenode.servicerpc-address.nameservice1.namenode425</name>
    <value>itsusralsp08796.jnj.com:8022</value>
  </property>
  <property>
    <name>dfs.namenode.http-address.nameservice1.namenode425</name>
    <value>itsusralsp08796.jnj.com:9870</value>
  </property>
  <property>
    <name>dfs.namenode.https-address.nameservice1.namenode425</name>
    <value>itsusralsp08796.jnj.com:50470</value>
  </property>
  <property>
    <name>dfs.replication</name>
    <value>2</value>
  </property>
  <property>
    <name>dfs.blocksize</name>
    <value>134217728</value>
  </property>
  <property>
    <name>dfs.client.use.datanode.hostname</name>
    <value>false</value>
  </property>
  <property>
    <name>fs.permissions.umask-mode</name>
    <value>022</value>
  </property>
  <!--'dfs.client.block.write.locateFollowingBlock.retries', originally set to '7' (non-final), is overridden below by a safety valve-->
  <property>
    <name>dfs.encrypt.data.transfer.algorithm</name>
    <value>3des</value>
  </property>
  <property>
    <name>dfs.encrypt.data.transfer.cipher.suites</name>
    <value>AES/CTR/NoPadding</value>
  </property>
  <property>
    <name>dfs.encrypt.data.transfer.cipher.key.bitlength</name>
    <value>256</value>
  </property>
  <property>
    <name>dfs.namenode.acls.enabled</name>
    <value>true</value>
  </property>
  <property>
    <name>dfs.data.transfer.protection</name>
    <value>authentication</value>
  </property>
  <property>
    <name>dfs.client.read.shortcircuit</name>
    <value>false</value>
  </property>
  <property>
    <name>dfs.domain.socket.path</name>
    <value>/var/run/hdfs-sockets/dn</value>
  </property>
  <property>
    <name>dfs.client.read.shortcircuit.skip.checksum</name>
    <value>false</value>
  </property>
  <property>
    <name>dfs.client.domain.socket.data.traffic</name>
    <value>false</value>
  </property>
  <property>
    <name>dfs.datanode.hdfs-blocks-metadata.enabled</name>
    <value>true</value>
  </property>
  <property>
    <name>dfs.block.access.token.enable</name>
    <value>true</value>
  </property>
  <property>
    <name>dfs.namenode.kerberos.principal</name>
    <value>hdfs/_HOST@JNJ.COM</value>
  </property>
  <property>
    <name>dfs.namenode.kerberos.internal.spnego.principal</name>
    <value>HTTP/_HOST@JNJ.COM</value>
  </property>
  <property>
    <name>dfs.datanode.kerberos.principal</name>
    <value>hdfs/_HOST@JNJ.COM</value>
  </property>
  <property>
    <name>dfs.nfs.kerberos.principal</name>
    <value>hdfs/_HOST@JNJ.COM</value>
  </property>
  <property>
    <name>dfs.http.policy</name>
    <value>HTTPS_ONLY</value>
  </property>
  <property>
    <name>distcp.enable.listing.parallel</name>
    <value>true</value>
  </property>
  <property>
    <name>distcp.fetch.threads</name>
    <value>40</value>
  </property>
  <property>
    <name>dfs.client.block.write.locateFollowingBlock.retries</name>
    <value>10</value>
  </property>
</configuration>
