<?xml version="1.0" encoding="UTF-8"?>

<!--Autogenerated by Cloudera Manager-->
<configuration>
  <property>
    <name>ssl.client.truststore.location</name>
    <value>/opt/cloudera/security/jks/truststore.jks</value>
  </property>
  <property>
    <name>ssl.client.truststore.password</name>
    <value>changeit</value>
  </property>
  <property>
    <name>ssl.client.truststore.type</name>
    <value>jks</value>
  </property>
  <property>
    <name>ssl.client.truststore.reload.interval</name>
    <value>10000</value>
  </property>
</configuration>
