{
  "sourcedbconnection": "",
  "maillist": "DL-MNTUS-DataBeats-Support@ITS.JNJ.com",
  "sourcepassword": "",
  "sourceusername": "",
  "mapcount": "4",
  "hivewrkdb": "fda_wrk",
  "application": "ECM_UNITY",
  "hdfsbasefolder": "/prod/edl/sc/fda/str",
  "retrycount": "2",
  "keytab": "/data/data01/prod/edl/sc/fda/appcode/scripts/safdaep.keytab",
  "fromaddress": "Databeat@itsusraedlp11.jnj.com",
  "principal": "safdaep@NA.JNJ.COM",
  "hivedb": "ovfa_core",
  "hivemetadb": "fda_stg",
  "loadfrequency": "Daily",
  "jobruntable": "DATABEAT_EDL_RUN_ID_CNTL",
  "batchloadtable": "DATABEAT_EDL_ETL_BTCH_ID_STAT",
  "srcrunstatustable": "src_run_status_table", 
  "hiveconnection":"jdbc:hive2://edlhiveprod.jnj.com:10000/fda_stg;principal=hive/edlhiveprod.jnj.com@NA.JNJ.COM",
  "hivebackupconnection":"jdbc:hive2://itsusraedlp03.jnj.com:10000/fda_stg;principal=hive/itsusraedlp03.jnj.com@NA.JNJ.COM",
  "logdirectory": "/data/data01/prod/edl/sc/fda/appcode/logs/",
  "hivebackupdb": "fda_arch",
  "backupdirectory": "/prod/edl/sc/fda/str/fda_arch/",
  "maxBackupDays": 2,
  "teradataurl": "jdbc:teradata://RATDPRD/Database=SCMAIN_S,CHARSET=UTF8,LOGMECH=LDAP",
  "teradatausername": "SA-JSC-SCMAIN2-ETL-P",
  "teradatapassword": "jJgmhoUVvz2eXTToTot9aPbd3YH+kBeYns1n/FwHXJ8=",
  "teradatajobruntable": "JSC_EDW_RUN_ID_CNTL",
  "environment": "PROD",
  "sourcetype":"teradata",
  "sourcesystemcode" : "9451",
  "tables": [
{
      "table": "complaint",
      "teradatatable": "ECM_UNITY_STG_COMPLAINT",
      "splitbykey": "",
      "hivecolumns": "`complaint_number`	string,`account_number`	string,`account_name`	string,`account_sourcesystem_code`	string,`complaint_type`	string,`procedure`	string,`processing_status`	string,`complaint_created_date`	timestamp,`complaint_created_month`	string,`complaint_created_year`	int,`complaint_received_date`	timestamp,`complaint_received_month`	string,`complaint_received_year`	int,`closed_date`	timestamp,`closed_month`	string,`closed_year`	int,`complaint_first_closed_date`	timestamp,`complaint_last_closed_date`	timestamp,`complaint_last_reopened_date`	timestamp,`complaint_readytoapprove_date`	timestamp,`complaint_reopened_flag`	string,`open_days`	int,`initiation_source`	string,`source`	string,`modality`	string,`english_description`	string,`is_reportable`	string,`complaint_confirmed_flag`	string,`alert_date`	timestamp,`country_of_event_occurance`	string,`event_date`	string,`event_month`	string,`event_year`	string,`complaint_created_by`	string,`last_modified_date`	timestamp,`last_modified_by`	string,`delete_flag`	string,`operating_company_code`	string,`source_system_code`	string , `record_created_date`	timestamp	",
      "columns":"REGEXP_REPLACE(complaint_number,'[^\u0020-\\u+007F]+','') AS complaint_number,REGEXP_REPLACE(account_number,'[^\u0020-\\u+007F]+','') AS account_number,REGEXP_REPLACE(account_name,'[^\u0020-\\u+007F]+','') AS account_name,REGEXP_REPLACE(account_sourcesystem_code,'[^\u0020-\\u+007F]+','') AS account_sourcesystem_code,REGEXP_REPLACE(complaint_type,'[^\u0020-\\u+007F]+','') AS complaint_type,REGEXP_REPLACE(procedure,'[^\u0020-\\u+007F]+','') AS procedure,REGEXP_REPLACE(processing_status,'[^\u0020-\\u+007F]+','') AS processing_status,complaint_created_date,REGEXP_REPLACE(complaint_created_month,'[^\u0020-\\u+007F]+','') AS complaint_created_month,complaint_created_year,complaint_received_date,REGEXP_REPLACE(complaint_received_month,'[^\u0020-\\u+007F]+','') AS complaint_received_month,complaint_received_year,closed_date,REGEXP_REPLACE(closed_month,'[^\u0020-\\u+007F]+','') AS closed_month,closed_year,complaint_first_closed_date,complaint_last_closed_date,complaint_last_reopened_date,complaint_readytoapprove_date,REGEXP_REPLACE(complaint_reopened_flag,'[^\u0020-\\u+007F]+','') AS complaint_reopened_flag,open_days,REGEXP_REPLACE(initiation_source,'[^\u0020-\\u+007F]+','') AS initiation_source,REGEXP_REPLACE(source,'[^\u0020-\\u+007F]+','') AS source,REGEXP_REPLACE(modality,'[^\u0020-\\u+007F]+','') AS modality,REGEXP_REPLACE(english_description,'[^\u0020-\\u+007F]+','') AS english_description	 ,REGEXP_REPLACE(is_reportable,'[^\u0020-\\u+007F]+','') AS is_reportable,REGEXP_REPLACE(complaint_confirmed_flag,'[^\u0020-\\u+007F]+','') AS complaint_confirmed_flag,alert_date,REGEXP_REPLACE(country_of_event_occurance,'[^\u0020-\\u+007F]+','') AS country_of_event_occurance,REGEXP_REPLACE(event_date,'[^\u0020-\\u+007F]+','') AS event_date,REGEXP_REPLACE(event_month,'[^\u0020-\\u+007F]+','') AS	event_month,REGEXP_REPLACE(event_year,'[^\u0020-\\u+007F]+','') AS event_year,REGEXP_REPLACE(complaint_created_by,'[^\u0020-\\u+007F]+','') AS complaint_created_by,last_modified_date,REGEXP_REPLACE(last_modified_by,'[^\u0020-\\u+007F]+','') AS last_modified_by,REGEXP_REPLACE(delete_flag,'[^\u0020-\\u+007F]+','') AS delete_flag,REGEXP_REPLACE(operating_company_code,'[^\u0020-\\u+007F]+','') AS operating_company_code,REGEXP_REPLACE(source_system_code,'[^\u0020-\\u+007F]+','') AS source_system_code,record_created_date",
      "extracolumns": "current_time,updated_time,id",
      "extracolumnstype": "current_time timestamp,updated_time timestamp,id int",
      "incrementalkey": "",
      "incrementalmode": "",
      "incdependenttable": "",
      "incdependenttablfk": "",
      "fullload": "Y"
    },

{
      "table": "impacted_product",
      "teradatatable": "ECM_UNITY_STG_IMPACTED_PRODUCT",
      "splitbykey": "",
	"hivecolumns": "complaint_number	string	,product_file_number	string	,product_code	string	,product_sku_code	string	,lot_number	string	,batch_number	string	,asset_number	string	,product_name	string	,product_family	string	,sub_family	string	,brand_name	string	,product_group	string	,product_line	string	,product_file_void_flag	string	,product_file_quantity_involved	int	,product_file_quantity_returned	int	,product_file_reportable_flag	string	,physical_manufacturer	string	,manufacturing_site	string	,manufacturing_line	string	,manufacturing_date	timestamp	,month_of_manufacture	string	,serial_number	string	,business_group	string	,legal_name	string	,fda_device_name	string	,fda_device_code	string	,legal_manufacturer	string	,us_class_information	string	,product_attribute1	string	,product_attribute2	string	,product_attribute3	string	,product_attribute4	string	,product_attribute5	string	,product_attribute6	string	,product_attribute7	string	,product_attribute8	string	,product_attribute9	string	,product_attribute10	string	,product_attribute11	string	,product_attribute12	string	,product_attribute13	string	,product_attribute14	string	,product_attribute15	string	,shipper_kit_size	string	,single_unit_replacement_code	string	,gmdn_code	string	,eu_class_information	string	,analysis_site	string	,pma_510_licence_number	string	,is_distributed	string	,pms_number	string	,license_expiration_date	timestamp	,litigation	string	,complaint_awareness_date	timestamp	,record_created_date	timestamp	,delete_flag	string	,operating_company_code	string	,source_system_code	string",
	"columns" : "REGEXP_REPLACE(	complaint_number,'[^\u0020-\\u+007F]+','') AS	complaint_number,REGEXP_REPLACE(	product_file_number,'[^\u0020-\\u+007F]+','') AS	product_file_number,
REGEXP_REPLACE(	product_code,'[^\u0020-\\u+007F]+','') AS	product_code,
REGEXP_REPLACE(	product_sku_code,'[^\u0020-\\u+007F]+','') AS	product_sku_code,
REGEXP_REPLACE(	lot_number,'[^\u0020-\\u+007F]+','') AS	lot_number,
REGEXP_REPLACE(	batch_number,'[^\u0020-\\u+007F]+','') AS	batch_number,
REGEXP_REPLACE(	asset_number,'[^\u0020-\\u+007F]+','') AS	asset_number,
REGEXP_REPLACE(	product_name,'[^\u0020-\\u+007F]+','') AS	product_name,
REGEXP_REPLACE(	product_family,'[^\u0020-\\u+007F]+','') AS	product_family,
REGEXP_REPLACE(	sub_family,'[^\u0020-\\u+007F]+','') AS	sub_family,
REGEXP_REPLACE(	brand_name,'[^\u0020-\\u+007F]+','') AS	brand_name,
REGEXP_REPLACE(	product_group,'[^\u0020-\\u+007F]+','') AS	product_group,
REGEXP_REPLACE(	product_line,'[^\u0020-\\u+007F]+','') AS	product_line,
REGEXP_REPLACE(	product_file_void_flag,'[^\u0020-\\u+007F]+','') AS	product_file_void_flag,
REGEXP_REPLACE(	product_file_quantity_involved,'[^\u0020-\\u+007F]+','') AS	product_file_quantity_involved,
REGEXP_REPLACE(	product_file_quantity_returned,'[^\u0020-\\u+007F]+','') AS	product_file_quantity_returned,
REGEXP_REPLACE(	product_file_reportable_flag,'[^\u0020-\\u+007F]+','') AS	product_file_reportable_flag,
REGEXP_REPLACE(	physical_manufacturer,'[^\u0020-\\u+007F]+','') AS	physical_manufacturer,
REGEXP_REPLACE(	manufacturing_site,'[^\u0020-\\u+007F]+','') AS	manufacturing_site,
REGEXP_REPLACE(	manufacturing_line,'[^\u0020-\\u+007F]+','') AS	manufacturing_line,
REGEXP_REPLACE(	manufacturing_date,'[^\u0020-\\u+007F]+','') AS	manufacturing_date,
REGEXP_REPLACE(	month_of_manufacture,'[^\u0020-\\u+007F]+','') AS	month_of_manufacture,
REGEXP_REPLACE(	serial_number,'[^\u0020-\\u+007F]+','') AS	serial_number,
REGEXP_REPLACE(	business_group,'[^\u0020-\\u+007F]+','') AS	business_group,
REGEXP_REPLACE(	legal_name,'[^\u0020-\\u+007F]+','') AS	legal_name,
REGEXP_REPLACE(	fda_device_name,'[^\u0020-\\u+007F]+','') AS	fda_device_name,
REGEXP_REPLACE(	fda_device_code,'[^\u0020-\\u+007F]+','') AS	fda_device_code,
REGEXP_REPLACE(	legal_manufacturer,'[^\u0020-\\u+007F]+','') AS	legal_manufacturer,
REGEXP_REPLACE(	us_class_information,'[^\u0020-\\u+007F]+','') AS	us_class_information,
REGEXP_REPLACE(	product_attribute1,'[^\u0020-\\u+007F]+','') AS	product_attribute1,
REGEXP_REPLACE(	product_attribute2,'[^\u0020-\\u+007F]+','') AS	product_attribute2,
REGEXP_REPLACE(	product_attribute3,'[^\u0020-\\u+007F]+','') AS	product_attribute3,
REGEXP_REPLACE(	product_attribute4,'[^\u0020-\\u+007F]+','') AS	product_attribute4,
REGEXP_REPLACE(	product_attribute5,'[^\u0020-\\u+007F]+','') AS	product_attribute5,
REGEXP_REPLACE(	product_attribute6,'[^\u0020-\\u+007F]+','') AS	product_attribute6,
REGEXP_REPLACE(	product_attribute7,'[^\u0020-\\u+007F]+','') AS	product_attribute7,
REGEXP_REPLACE(	product_attribute8,'[^\u0020-\\u+007F]+','') AS	product_attribute8,
REGEXP_REPLACE(	product_attribute9,'[^\u0020-\\u+007F]+','') AS	product_attribute9,
REGEXP_REPLACE(	product_attribute10,'[^\u0020-\\u+007F]+','') AS	product_attribute10,
REGEXP_REPLACE(	product_attribute11,'[^\u0020-\\u+007F]+','') AS	product_attribute11,
REGEXP_REPLACE(	product_attribute12,'[^\u0020-\\u+007F]+','') AS	product_attribute12,
REGEXP_REPLACE(	product_attribute13,'[^\u0020-\\u+007F]+','') AS	product_attribute13,
REGEXP_REPLACE(	product_attribute14,'[^\u0020-\\u+007F]+','') AS	product_attribute14,
REGEXP_REPLACE(	product_attribute15,'[^\u0020-\\u+007F]+','') AS	product_attribute15,
REGEXP_REPLACE(	shipper_kit_size,'[^\u0020-\\u+007F]+','') AS	shipper_kit_size,
REGEXP_REPLACE(	single_unit_replacement_code,'[^\u0020-\\u+007F]+','') AS	single_unit_replacement_code,
REGEXP_REPLACE(	gmdn_code,'[^\u0020-\\u+007F]+','') AS	gmdn_code,
REGEXP_REPLACE(	eu_class_information,'[^\u0020-\\u+007F]+','') AS	eu_class_information,
REGEXP_REPLACE(	analysis_site,'[^\u0020-\\u+007F]+','') AS	analysis_site,
REGEXP_REPLACE(	pma_510_licence_number,'[^\u0020-\\u+007F]+','') AS	pma_510_licence_number,
REGEXP_REPLACE(	is_distributed,'[^\u0020-\\u+007F]+','') AS	is_distributed,
REGEXP_REPLACE(	pms_number,'[^\u0020-\\u+007F]+','') AS	pms_number,
REGEXP_REPLACE(	license_expiration_date,'[^\u0020-\\u+007F]+','') AS	license_expiration_date,
REGEXP_REPLACE(	litigation,'[^\u0020-\\u+007F]+','') AS	litigation,
REGEXP_REPLACE(	complaint_awareness_date,'[^\u0020-\\u+007F]+','') AS	complaint_awareness_date,
REGEXP_REPLACE(	record_created_date,'[^\u0020-\\u+007F]+','') AS	record_created_date,
REGEXP_REPLACE(	delete_flag,'[^\u0020-\\u+007F]+','') AS	delete_flag,
REGEXP_REPLACE(	operating_company_code,'[^\u0020-\\u+007F]+','') AS	operating_company_code,
REGEXP_REPLACE(	source_system_code,'[^\u0020-\\u+007F]+','') AS	source_system_code",
	  
      "extracolumns": "current_time,updated_time,id",
      "extracolumnstype": "current_time timestamp,updated_time timestamp,id int",
      "incrementalkey": "",
      "incrementalmode": "",
      "incdependenttable": "",
      "incdependenttablfk": "",
      "fullload": "Y"
    },
{
      "table": "product",
      "teradatatable": "ECM_UNITY_STG_PRODUCT",
      "splitbykey": "",
      "hivecolumns": "product_code	string,product_family	string,product_description	string,brand_name	string,device_single_use_flag	string,sector	string,product_type	string,product_sku_code	string,global_trade_identification_number	string,combination_product	string,original_equipment_manufacturer	string,kit	string,product_status	string,external_id	string,product_name	string,business_group	string,legal_name	string,fda_device_name	string,fda_device_code	string,legal_manufacturer	string,us_class_information	string,product_attribute1	string,product_attribute2	string,product_attribute3	string,product_attribute4	string,product_attribute5	string,product_attribute6	string,product_attribute7	string,product_attribute8	string,product_attribute9	string,product_attribute10	string,product_attribute11	string,product_attribute12	string,product_attribute13	string,product_attribute14	string,product_attribute15	string,shipper_kit_size	string,single_unit_replacement_code	string,gmdn_code	string,eu_class_information	string,analysis_site	string,pma_510k_license_number	string,distributed_flag	string,sub_family	string,pms_number	string,license_expiration_date	string,delete_flag	string,record_created_date	timestamp,operating_company_code	string",
	  "columns":"REGEXP_REPLACE(product_code,'[^\u0020-\\u+007F]+','') AS product_code,REGEXP_REPLACE(product_family,'[^\u0020-\\u+007F]+','') AS product_family,REGEXP_REPLACE(product_description,'[^\u0020-\\u+007F]+','') AS product_description,REGEXP_REPLACE(brand_name,'[^\u0020-\\u+007F]+','') AS brand_name,REGEXP_REPLACE(device_single_use_flag,'[^\u0020-\\u+007F]+','') AS device_single_use_flag,REGEXP_REPLACE(sector,'[^\u0020-\\u+007F]+','') AS sector,REGEXP_REPLACE(product_type,'[^\u0020-\\u+007F]+','') AS product_type,REGEXP_REPLACE(product_sku_code,'[^\u0020-\\u+007F]+','') AS product_sku_code,REGEXP_REPLACE(global_trade_identification_number,'[^\u0020-\\u+007F]+','') AS global_trade_identification_number,REGEXP_REPLACE(combination_product,'[^\u0020-\\u+007F]+','') AS combination_product,REGEXP_REPLACE(original_equipment_manufacturer,'[^\u0020-\\u+007F]+','') AS original_equipment_manufacturer,REGEXP_REPLACE(kit,'[^\u0020-\\u+007F]+','') AS kit,REGEXP_REPLACE(product_status,'[^\u0020-\\u+007F]+','') AS product_status,REGEXP_REPLACE(external_id,'[^\u0020-\\u+007F]+','') AS external_id,REGEXP_REPLACE(product_name,'[^\u0020-\\u+007F]+','') AS product_name,REGEXP_REPLACE(business_group,'[^\u0020-\\u+007F]+','') AS business_group,REGEXP_REPLACE(legal_name,'[^\u0020-\\u+007F]+','') AS legal_name,REGEXP_REPLACE(fda_device_name,'[^\u0020-\\u+007F]+','') AS fda_device_name,REGEXP_REPLACE(fda_device_code,'[^\u0020-\\u+007F]+','') AS fda_device_code,REGEXP_REPLACE(legal_manufacturer,'[^\u0020-\\u+007F]+','') AS legal_manufacturer,REGEXP_REPLACE(us_class_information,'[^\u0020-\\u+007F]+','') AS us_class_information,REGEXP_REPLACE(product_attribute1,'[^\u0020-\\u+007F]+','') AS product_attribute1,REGEXP_REPLACE(product_attribute2,'[^\u0020-\\u+007F]+','') AS product_attribute2,REGEXP_REPLACE(product_attribute3,'[^\u0020-\\u+007F]+','') AS product_attribute3,REGEXP_REPLACE(product_attribute4,'[^\u0020-\\u+007F]+','') AS product_attribute4,REGEXP_REPLACE(product_attribute5,'[^\u0020-\\u+007F]+','') AS product_attribute5,REGEXP_REPLACE(product_attribute6,'[^\u0020-\\u+007F]+','') AS product_attribute6,REGEXP_REPLACE(product_attribute7,'[^\u0020-\\u+007F]+','') AS product_attribute7,REGEXP_REPLACE(product_attribute8,'[^\u0020-\\u+007F]+','') AS product_attribute8,REGEXP_REPLACE(product_attribute9,'[^\u0020-\\u+007F]+','') AS product_attribute9,REGEXP_REPLACE(product_attribute10,'[^\u0020-\\u+007F]+','') AS product_attribute10,REGEXP_REPLACE(product_attribute11,'[^\u0020-\\u+007F]+','') AS product_attribute11,REGEXP_REPLACE(product_attribute12,'[^\u0020-\\u+007F]+','') AS product_attribute12,REGEXP_REPLACE(product_attribute13,'[^\u0020-\\u+007F]+','') AS product_attribute13,REGEXP_REPLACE(product_attribute14,'[^\u0020-\\u+007F]+','') AS product_attribute14,REGEXP_REPLACE(product_attribute15,'[^\u0020-\\u+007F]+','') AS product_attribute15,REGEXP_REPLACE(shipper_kit_size,'[^\u0020-\\u+007F]+','') AS shipper_kit_size,REGEXP_REPLACE(single_unit_replacement_code,'[^\u0020-\\u+007F]+','') AS single_unit_replacement_code,REGEXP_REPLACE(gmdn_code,'[^\u0020-\\u+007F]+','') AS gmdn_code,REGEXP_REPLACE(eu_class_information,'[^\u0020-\\u+007F]+','') AS eu_class_information,REGEXP_REPLACE(analysis_site,'[^\u0020-\\u+007F]+','') AS analysis_site,REGEXP_REPLACE(pma_510k_license_number,'[^\u0020-\\u+007F]+','') AS pma_510k_license_number,REGEXP_REPLACE(distributed_flag,'[^\u0020-\\u+007F]+','') AS distributed_flag,REGEXP_REPLACE(sub_family,'[^\u0020-\\u+007F]+','') AS sub_family,REGEXP_REPLACE(pms_number,'[^\u0020-\\u+007F]+','') AS pms_number,REGEXP_REPLACE(license_expiration_date,'[^\u0020-\\u+007F]+','') AS license_expiration_date,REGEXP_REPLACE(delete_flag,'[^\u0020-\\u+007F]+','') AS delete_flag,record_created_date,REGEXP_REPLACE(operating_company_code,'[^\u0020-\\u+007F]+','') AS operating_company_code",
      "extracolumns": "current_time,updated_time,id",
      "extracolumnstype": "current_time timestamp,updated_time timestamp,id int",
      "incrementalkey": "",
      "incrementalmode": "",
      "incdependenttable": "",
      "incdependenttablfk": "",
       "fullload": "Y"
    }
]
}
