{
  "maillist": "DL-MNTUS-DataBeats-Support@ITS.JNJ.com,DL-JJCUS-GLOBAL-ANALYTICS-MEDICAL-DEVICES-SUPPLY-CHAIN@its.jnj.com",
  "mapcount": "4",
  "hivewrkdb": "fda_wrk",
  "application": "EM",
  "hdfsbasefolder": "/prod/edl/sc/fda/str",
  "retrycount": "2",
  "keytab": "/data/data01/prod/edl/sc/fda/appcode/scripts/safdaep.keytab",
  "sourcedb": "oracle",
  "fromaddress": "Databeat@itsusraedlp11.jnj.com",
  "principal": "safdaep@NA.JNJ.COM",
  "hivedb": "fda_stg",
  "cc_mailid" : "DL-MNTUS-DataBeats-Support@ITS.JNJ.com,DL-JJCUS-GLOBAL-ANALYTICS-MEDICAL-DEVICES-SUPPLY-CHAIN@its.jnj.com", 
  "hiveconnection":"jdbc:hive2://itsusraedlp02.jnj.com:10000/fda_stg;principal=hive/itsusraedlp02.jnj.com@NA.JNJ.COM",
  "hivebackupconnection":"jdbc:hive2://itsusraedlp03.jnj.com:10000/fda_stg;principal=hive/itsusraedlp03.jnj.com@NA.JNJ.COM",
  "logdirectory": "/data/data01/prod/edl/sc/fda/appcode/logs/",
  "templatefiledir":"/data/data01/prod/edl/sc/fda/appcode/scripts/databeat/"
}
