{
  "application": "EM",
  "retrycount": "3",
  "landing_directory": "/data/data01/prod/edl/sc/fda/landing/databeat/EM/input",
  "work_directory": "/data/data01/prod/edl/sc/fda/appcode/logs/databeat/EM/output",
  "archive_directory": "Success",
  "error_directory": "error",
  "maillist": "DL-MNTUS-DataBeats-Support@ITS.JNJ.com,DL-JJCUS-GLOBAL-ANALYTICS-MEDICAL-DEVICES-SUPPLY-CHAIN@its.jnj.com",
  "ccmaillist": "DL-MNTUS-DataBeats-Support@ITS.JNJ.com,DL-JJCUS-GLOBAL-ANALYTICS-MEDICAL-DEVICES-SUPPLY-CHAIN@its.jnj.com",
  "hivewrkdb": "fda_wrk",
  "sqlLoadCheck" : "N",
  "isTeradataNullCheck" : "N",
  "hdfsbasefolder": "/prod/edl/sc/fda/str",
  "keytab": "/data/data01/prod/edl/sc/fda/appcode/scripts/safdaep.keytab",
  "principal": "safdaep@NA.JNJ.COM",
  "hivemetadb": "fda_stg",
  "hivedb": "fda_stg",
  "loadfrequency": "Daily",
  "jobruntable": "DATABEAT_EDL_RUN_ID_CNTL",
  "batchloadtable": "DATABEAT_EDL_ETL_BTCH_ID_STAT",
  "srcrunstatustable": "src_run_status_table", 
  "hiveconnection": "jdbc:hive2://edlhiveprod.jnj.com:10000/fda_stg;principal=hive/edlhiveprod.jnj.com@NA.JNJ.COM",
  "fromaddress": "Databeat@itsusraedlp11.jnj.com",
  "hivebackupconnection":"jdbc:hive2://itsusraedlp03.jnj.com:10000/fda_stg;principal=hive/itsusraedlp03.jnj.com@NA.JNJ.COM",
  "logdirectory": "/data/data01/prod/edl/sc/fda/appcode/logs/",
  "hivebackupdb": "fda_arch",
  "backupdirectory": "/prod/edl/sc/fda/str",
  "maxBackupDays": 2,
  "teradataurl": "jdbc:teradata://RATDPRD/Database=SCMAIN_S,CHARSET=UTF8,LOGMECH=LDAP",
  "teradatausername": "SA-JSC-SCMAIN2-ETL-P",
  "teradatapassword": "jJgmhoUVvz2eXTToTot9aPbd3YH+kBeYns1n/FwHXJ8=",
  "sqlurl" : "jdbc:sqlserver://ITSUSRAWSP05712:1433;database=DATABEAT_WEBAPP_DB",
  "sqlusername": "SA-EES-DATABEAT-SQLWEBPRD",
  "sqlpassword": "+XDrdb5Om5YUUu8EBarnoV/BbtFbpw1pRXeg+ouhaIc9hIq0+kezFA1Aj1vI5y2L",
  "teradatajobruntable": "JSC_EDW_RUN_ID_CNTL",
  "environment": "PROD",
  "sourcetype":"teradata",
  "sourcesystemcode" : "9462",
  "mboxHostName": "mboxnaprd.jnj.com",
  "sftpUserName":"DTBT_EM_PRD",
  "sftpPassword":"5M+z6kyDP+PUhdmkNCxLrMYjiuyBDiki6bxud351DWE=",
  "mboxLocation":"/",
  "tables": [
      {
      "table": "Material",       
      "teradatatable" :"EMIM_STG_DETAILS",
      "sqltable" : "EM_STG_DETAILS",
      "fullload": "Y",
      "hivecolumns": "CRTD_DT DATE,MATL_NUM STRING,PROD_NM STRING,TMPRD_STRT DATE,TMPRD_END DATE,SUPLYCHN_PROCESS STRING,DUNS_NO STRING,STRT_INPRCS_PKG_LOTS_CNT  INT,STRT_SELBL_LOTS_CNT INT,RJCT_INPRCS_PKG_LOTS_CNT INT,RJCT_SELBL_LOTS_CNT INT,RLSE_INPRCS_PKG_LOTS_CNT INT,RELS_SELBL_LOTS_CNT INT,NO_DOSAGE_UNITS_DIST STRING,OOS_CNT INT,OOS_REL_TST_CNT INT,OOS_REL_STB_TST_CNT INT,SRC_SYS_CD STRING",
	"columncount": "18",
	"columnproperty": "CRTD_DT:DATE:yyyy-MM-dd:Y,MATL_NUM:STRING:'':Y,PROD_NM:STRING:'':Y,TMPRD_STRT:DATE:yyyy-MM-dd:Y,TMPRD_END:DATE:yyyy-MM-dd:Y,SUPLYCHN_PROCESS:STRING:'':N,DUNS_NO:STRING:'':N,STRT_INPRCS_PKG_LOTS_CNT:INTEGER:[0-9]:N,STRT_SELBL_LOTS_CNT:INTEGER:[0-9]:N,RJCT_INPRCS_PKG_LOTS_CNT:INTEGER:[0-9]:N,RJCT_SELBL_LOTS_CNT:INTEGER:[0-9]:N,RLSE_INPRCS_PKG_LOTS_CNT:INTEGER:[0-9]:N,RELS_SELBL_LOTS_CNT:INTEGER:[0-9]:N,NO_DOSAGE_UNITS_DIST:STRING:'':N,OOS_CNT:INTEGER:[0-9]:N,OOS_REL_TST_CNT:INTEGER:[0-9]:N,OOS_REL_STB_TST_CNT:INTEGER:[0-9]:N,SRC_SYS_CD:STRING:'':N,SUPPLIER:STRING:'':N",
	"isExtraColumnReq" : "Y",
	"extraColumnReq" : "SUPPLIER STRING",
       "extracolumns": "SUPPLIER,DAI_CRT_DTTM,DAI_UPDT_DTTM,DAI_ETL_ID",
       "extracolumnstype": "SUPPLIER STRING,DAI_CRT_DTTM timestamp,DAI_UPDT_DTTM timestamp,DAI_ETL_ID int",
	"columns" : "CRTD_DT,MATL_NUM,PROD_NM,TMPRD_STRT,TMPRD_END,SUPLYCHN_PROCESS,DUNS_NO,STRT_INPRCS_PKG_LOTS_CNT,STRT_SELBL_LOTS_CNT,RJCT_INPRCS_PKG_LOTS_CNT,RJCT_SELBL_LOTS_CNT,RLSE_INPRCS_PKG_LOTS_CNT,RELS_SELBL_LOTS_CNT,NO_DOSAGE_UNITS_DIST,OOS_CNT,OOS_REL_TST_CNT,OOS_REL_STB_TST_CNT,SRC_SYS_CD,SUPPLIER",
	"createdDateField" : "CRTD_DT",
	"timeperiodStartColumn" : "TMPRD_STRT",
	"timeperiodEndColumn" : "TMPRD_END"
    }
  ]
}
