{
  "sourcedbconnection": "jdbc:oracle:thin:LWPROD_RPT/LWPROD_RPT@ITSUSRALSP04542.jnj.com:1521/CRAP0394.jnj.com",
  "maillist": "DL-MNTUS-DataBeats-Support@ITS.JNJ.com,DL-JJCUS-GLOBAL-ANALYTICS-MEDICAL-DEVICES-SUPPLY-CHAIN@its.jnj.com",
  "sourcepassword": "W114jlp8vkH3+qE1M761LnlUuluTv5ktxdkvJ/VWr5U=",
  "sourceusername": "LWPROD_RPT",
  "mapcount": "4",
  "hivewrkdb": "fda_wrk",
  "application": "LIMS_CAT",
  "hdfsbasefolder": "/prod/edl/sc/fda/str",
  "retrycount": "2",
  "keytab": "/data/data01/prod/edl/sc/fda/appcode/scripts/safdaep.keytab",
  "sourcedb": "oracle",
  "driver":"",
  "sourceschema": "LWPROD",
  "fromaddress": "Databeat@itsusraedlp11.jnj.com",
  "principal": "safdaep@NA.JNJ.COM",
  "hivedb": "fda_stg",
  "loadfrequency": "Daily",
  "jobruntable": "DATABEAT_EDL_RUN_ID_CNTL",
  "batchloadtable": "DATABEAT_EDL_ETL_BTCH_ID_STAT",
  "srcrunstatustable": "src_run_status_table", 
  "hiveconnection": "jdbc:hive2://edlhiveprod.jnj.com:10000/fda_stg;principal=hive/edlhiveprod.jnj.com@NA.JNJ.COM",
  "hivebackupconnection":"jdbc:hive2://itsusraedlp03.jnj.com:10000/fda_stg;principal=hive/itsusraedlp03.jnj.com@NA.JNJ.COM",
  "logdirectory": "/data/data01/prod/edl/sc/fda/appcode/logs/",
  "hivebackupdb": "fda_arch",
  "backupdirectory": "/prod/edl/sc/fda/str/fda_arch/",
  "maxBackupDays": 2,
  "teradataurl": "jdbc:teradata://RATDPRD/Database=SCMAIN_S,CHARSET=UTF8,LOGMECH=LDAP",
  "teradatausername": "SA-JSC-SCMAIN2-ETL-P",
  "teradatapassword": "jJgmhoUVvz2eXTToTot9aPbd3YH+kBeYns1n/FwHXJ8=",
  "teradatajobruntable": "JSC_EDW_RUN_ID_CNTL",
  "environment": "PROD",
  "sourcetype":"teradata",
  "sourcesystemcode" : "9391",
  "hivemetadb" : "fda_stg",
  "tables": [
    {
      "table": "UNITS",
      "teradatatable" :"LIMS_CTLYST_STG_UNITS",
      "splitbykey": "UNIT_CODE",
      "hivecolumns": "`UNIT_CODE` string,`DISPLAY_STRING` string,`CHANGED_BY` string,`CHANGED_ON` timestamp,`REMOVED` string,`EXT_LINK` string,`GROUP_NAME` string,`DESCRIPTION` string,`CATEGORY` string,`BASE` string,`OFFSET` double,`FACTOR` double,`FORMULA_SUB` string,`EXTERNAL_ID` string",
      "extracolumns": "current_time,updated_time,id",
      "extracolumnstype": "current_time timestamp,updated_time timestamp,id int",
      "query_based_import": "N",
      "columns": "UNIT_CODE,DISPLAY_STRING,CHANGED_BY,CHANGED_ON,REMOVED,EXT_LINK,GROUP_NAME,DESCRIPTION,CATEGORY,BASE,OFFSET,FACTOR,FORMULA_SUB,EXTERNAL_ID",
      "incrementalkey": "",
      "incrementalmode": "",
      "fullload": "Y",
      "incdependenttable": "",
      "incdependenttablfk": ""
    },
    {
      "table": "T_PH_TEST_ARTICLE",
      "teradatatable" :"LIMS_CTLYST_STG_PH_TST_ARTCL",
      "splitbykey": "NAME",
      "hivecolumns": "`NAME` string,`CHANGED_BY` string,`CHANGED_ON` timestamp,`REMOVED` string,`DESCRIPTION` string,`GROUP_NAME` string,`ITEM_CODE` string,`PRODUCT` string,`PRODUCT_VERSION` double,`SAMPLING_POINT` string,`PRODUCT_GRADE` string,`ADDITIONAL_SAMPS` double,`PRODUCTION_DATE` timestamp,`BATCH_REFERENCE` string,`QUANTITY` string,`SAMPLE_ITEMS` double,`PACKAGING_REFERENCE` string,`PACKAGING_TYPE` string,`PACKAGING_CLOSURE` string,`PACKAGING_DATE` timestamp,`EXT_LINK` string,`AMT_PER_PKG` double,`PROJECT` string,`OVG_PER_COND` double,`UNITS` string,`SPEC_TYPE` string,`C_FORMULA` string,`C_SAMPLE_TYPE` string,`C_BATCH_SIZE` string,`C_DOSAGE_TYPE` string,`C_MANUFACTURER` string,`C_MANUFACTURER_SITE` string,`C_PACKAGER` string,`C_PACKAGER_SITE` string,`C_EXPIRATION_DATE` timestamp,`C_PACKAGING_LINE` string",
      "extracolumns": "current_time,updated_time,id",
      "extracolumnstype": "current_time timestamp,updated_time timestamp,id int",
      "query_based_import": "N",
      "columns": "NAME,CHANGED_BY,CHANGED_ON,REMOVED,DESCRIPTION,GROUP_NAME,ITEM_CODE,PRODUCT,PRODUCT_VERSION,SAMPLING_POINT,PRODUCT_GRADE,ADDITIONAL_SAMPS,PRODUCTION_DATE,BATCH_REFERENCE,QUANTITY,SAMPLE_ITEMS,PACKAGING_REFERENCE,PACKAGING_TYPE,PACKAGING_CLOSURE,PACKAGING_DATE,EXT_LINK,AMT_PER_PKG,PROJECT,OVG_PER_COND,UNITS,SPEC_TYPE,C_FORMULA,C_SAMPLE_TYPE,C_BATCH_SIZE,C_DOSAGE_TYPE,C_MANUFACTURER,C_MANUFACTURER_SITE,C_PACKAGER,C_PACKAGER_SITE,C_EXPIRATION_DATE,C_PACKAGING_LINE",
      "incrementalkey": "CHANGED_ON",
      "incrementalmode": "lastmodified",
      "fullload": "N",
      "incdependenttable": "LIMS_CAT_SAMPLE" ,
      "incdependenttablfk":"FORMULATION"
    },
    {
      "table": "T_PH_PLANT",
      "splitbykey": "NAME",
      "teradatatable":"LIMS_CTLYST_STG_PH_PLANT",
      "hivecolumns": "`NAME` string,`DESCRIPTION` string,`SHIFT_START` double,`SHIFT_DURATION` double,`NUMBER_SHIFTS` double,`GROUP_NAME` string,`CHANGED_ON` timestamp,`CHANGED_BY` string,`REMOVED` string,`EXT_LINK` string,`SCHEDULER` string,`C_SAME_LOT_INTERVAL` double",
      "extracolumns": "current_time,updated_time,id",
      "extracolumnstype": "current_time timestamp,updated_time timestamp,id int",
      "query_based_import": "N",
      "columns": "NAME,DESCRIPTION,SHIFT_START,SHIFT_DURATION,NUMBER_SHIFTS,GROUP_NAME,CHANGED_ON,CHANGED_BY,REMOVED,EXT_LINK,SCHEDULER,C_SAME_LOT_INTERVAL",
      "incrementalkey": "",
      "incrementalmode": "lastmodified",
      "fullload": "Y",
      "incdependenttable": "",
      "incdependenttablfk": ""
    },
    {
      "table": "T_PH_ITEM_CODE",
      "teradatatable":"LIMS_CTLYST_STG_T_PH_ITEM_CD",
      "splitbykey": "NAME",
      "hivecolumns": "`NAME` string,`DESCRIPTION` string,`GROUP_NAME` string,`CHANGED_BY` string,`CHANGED_ON` timestamp,`REMOVED` string,`DISPLAY_AS` string,`EXT_LINK` string,`EXPIRY_INTERVAL` double,`RETEST_INTERVAL` double,`ACTIVE` string,`FULL_TEST_FREQ` double,`LOTS_TO_GO` double,`DATE_LAST_TESTED` timestamp,`SAMPLE_PLAN` string,`APPLY_PLAN_AT_LOGIN` string,`COA_SETUP` string,`APPLY_SAME_LOT_CHECK` string,`AQL_CRITICAL` double,`AQL_MAJOR` double,`AQL_MINOR` double,`AQL_SAMPLE_PLAN` string,`AQL_LEVEL` string,`AQL_TYPE` string,`AQL_STATUS` string,`C_FORMULA` string,`C_SHORT_DESC` string,`C_PRODUCT_CATEGORY_1` string,`C_PRODUCT_CATEGORY_2` string,`C_PRODUCT_CATEGORY_3` string",
      "extracolumns": "current_time,updated_time,id",
      "extracolumnstype": "current_time timestamp,updated_time timestamp,id int",
      "query_based_import": "N",
      "columns": "NAME,DESCRIPTION,GROUP_NAME,CHANGED_BY,CHANGED_ON,REMOVED,DISPLAY_AS,EXT_LINK,EXPIRY_INTERVAL,RETEST_INTERVAL,ACTIVE,FULL_TEST_FREQ,LOTS_TO_GO,DATE_LAST_TESTED,SAMPLE_PLAN,APPLY_PLAN_AT_LOGIN,COA_SETUP,APPLY_SAME_LOT_CHECK,AQL_CRITICAL,AQL_MAJOR,AQL_MINOR,AQL_SAMPLE_PLAN,AQL_LEVEL,AQL_TYPE,AQL_STATUS,C_FORMULA,C_SHORT_DESC,C_PRODUCT_CATEGORY_1,C_PRODUCT_CATEGORY_2,C_PRODUCT_CATEGORY_3",
      "incrementalkey": "",
      "incrementalmode": "lastmodified",
      "fullload": "Y",
      "incdependenttable": "",
      "incdependenttablfk": ""
    },
    {
      "table": "TEST",
      "teradatatable" :"LIMS_CTLYST_STG_TEST",
      "splitbykey": "TEST_NUMBER",
      "hivecolumns": "`SAMPLE_NUMBER` double,`TEST_NUMBER` double,`ANALYSIS_COUNT` double,`BATCH_PARENT_TEST` double,`BATCH_SIBLING_TEST` double,`PARENT_TEST` double,`ORIGINAL_TEST` double,`REPORTED_NAME` string,`ANALYSIS` string,`VERSION` double,`VARIATION` string,`GROUP_NAME` string,`REPLICATE_COUNT` double,`STATUS` string,`OLD_STATUS` string,`DATE_RECEIVED` timestamp,`DATE_STARTED` timestamp,`ASSIGNED_OPERATOR` string,`PREP` string,`PREP_DATE` timestamp,`PREP_BY` string,`DATE_COMPLETED` timestamp,`DATE_REVIEWED` timestamp,`REVIEWER` string,`REPLICATE_TEST` string,`INSTRUMENT` string,`TEST_PRIORITY` double,`IN_SPEC` string,`IN_CAL` string,`TEST_COMMENT` string,`TEST_LOCATION` string,`ORDER_NUMBER` double,`PARAMETER_NAME` string,`PARAMETER_VALUE` string,`EXPECTED_DATE` timestamp,`LAB` string,`RESOLVE_REQD` string,`CHANGED_ON` timestamp,`STAGE` string,`PRIMARY_IN_SPEC` string,`BATCH` string,`IN_CONTROL` string,`TEST_LIST` string,`RE_TESTED` string,`MODIFIED_RESULTS` string,`ALIQUOTED_TO` double,`ON_WORKSHEET` string,`DISP_FLDS` string,`DISPLAY_RESULTS` string,`ALIQUOT_GROUP` string,`SPLIT_REPLICATES` string,`CROSS_SAMPLE` string,`RELEASED` string,`RELEASED_BY` string,`RELEASED_ON` timestamp,`RELEASE_COMMENT` string,`DOUBLE_ENTRY` string,`CHILD_OUT_SPEC` string,`CHARGE_ENTRY` double,`SIGNED` string,`BATCH_ORIGINAL_TEST` double,`TEST_SEQUENCE_NO` double,`IS_TIME_ZERO` string,`REQD_VOLUME` double,`T_PH_PARENT_ANALYSIS` string,`SAP_DEFECT` string,`SAP_LONG_TERM` string,`INVESTIGATED` string,`C_TEST_METHOD` string,`C_ELN_PROCEDURE_ID` string",
      "extracolumns": "current_time,updated_time,id",
      "extracolumnstype": "current_time timestamp,updated_time timestamp,id int",     
      "query_based_import": "N",
      "columns": "SAMPLE_NUMBER,TEST_NUMBER,ANALYSIS_COUNT,BATCH_PARENT_TEST,BATCH_SIBLING_TEST,PARENT_TEST,ORIGINAL_TEST,REPORTED_NAME,ANALYSIS,VERSION,VARIATION,GROUP_NAME,REPLICATE_COUNT,STATUS,OLD_STATUS,DATE_RECEIVED,DATE_STARTED,ASSIGNED_OPERATOR,PREP,PREP_DATE,PREP_BY,DATE_COMPLETED,DATE_REVIEWED,REVIEWER,REPLICATE_TEST,INSTRUMENT,TEST_PRIORITY,IN_SPEC,IN_CAL,TEST_COMMENT,TEST_LOCATION,ORDER_NUMBER,PARAMETER_NAME,PARAMETER_VALUE,EXPECTED_DATE,LAB,RESOLVE_REQD,CHANGED_ON,STAGE,PRIMARY_IN_SPEC,BATCH,IN_CONTROL,TEST_LIST,RE_TESTED,MODIFIED_RESULTS,ALIQUOTED_TO,ON_WORKSHEET,DISP_FLDS,DISPLAY_RESULTS,ALIQUOT_GROUP,SPLIT_REPLICATES,CROSS_SAMPLE,RELEASED,RELEASED_BY,RELEASED_ON,RELEASE_COMMENT,DOUBLE_ENTRY,CHILD_OUT_SPEC,CHARGE_ENTRY,SIGNED,BATCH_ORIGINAL_TEST,TEST_SEQUENCE_NO,IS_TIME_ZERO,REQD_VOLUME,T_PH_PARENT_ANALYSIS,SAP_DEFECT,SAP_LONG_TERM,INVESTIGATED,C_TEST_METHOD,C_ELN_PROCEDURE_ID",
      "incrementalkey": "CHANGED_ON",
      "incrementalmode": "lastmodified",
      "fullload": "N",
      "incdependenttable": "LIMS_CAT_RESULT" ,
      "incdependenttablfk":"TEST_NUMBER"
    },
    {
      "table": "SUPPLIER",
      "teradatatable":"LIMS_CTLYST_STG_SUPPLIER",
      "splitbykey": "NAME",
      "hivecolumns": "`NAME` string,`DESCRIPTION` string,`CONTACT` string,`COMPANY_NAME` string,`ADDRESS1` string,`ADDRESS2` string,`ADDRESS3` string,`ADDRESS4` string,`ADDRESS5` string,`ADDRESS6` string,`FAX_NUM` string,`PHONE_NUM` string,`GROUP_NAME` string,`CHANGED_ON` timestamp,`CHANGED_BY` string,`REMOVED` string,`EXT_LINK` string,`FULL_TEST_FREQ` double,`LOTS_TO_GO` double",
      "extracolumns": "current_time,updated_time,id",
      "extracolumnstype": "current_time timestamp,updated_time timestamp,id int",
      "query_based_import": "N",
      "columns": "NAME,DESCRIPTION,CONTACT,COMPANY_NAME,ADDRESS1,ADDRESS2,ADDRESS3,ADDRESS4,ADDRESS5,ADDRESS6,FAX_NUM,PHONE_NUM,GROUP_NAME,CHANGED_ON,CHANGED_BY,REMOVED,EXT_LINK,FULL_TEST_FREQ,LOTS_TO_GO",
      "incrementalkey": "",
      "incrementalmode": "lastmodified",
      "fullload": "Y",
      "incdependenttable": "",
      "incdependenttablfk": ""
    },
    {
      "table": "SAMPLING_POINT",
      "teradatatable":"LIMS_CTLYST_STG_SMPLNG_PNT",
      "splitbykey": "NAME",
      "hivecolumns": "`NAME` string,`TEST_LIST` string,`CHANGED_BY` string,`CHANGED_ON` timestamp,`REMOVED` string,`DESCRIPTION` string,`GROUP_NAME` string,`EXT_LINK` string,`PRIMARY_DISP_REQ` string,`SECONDARY_DISP_REQ` string",
      "extracolumns": "current_time,updated_time,id",
      "extracolumnstype": "current_time timestamp,updated_time timestamp,id int",
      "query_based_import": "N",
      "columns": "NAME,TEST_LIST,CHANGED_BY,CHANGED_ON,REMOVED,DESCRIPTION,GROUP_NAME,EXT_LINK,PRIMARY_DISP_REQ,SECONDARY_DISP_REQ",
      "incrementalkey": "",
      "incrementalmode": "lastmodified",
      "fullload": "Y",
      "incdependenttable": "",
      "incdependenttablfk": ""
    },
    {
      "table": "SAMPLE",
      "teradatatable":"LIMS_CTLYST_STG_SAMPLE",
      "splitbykey": "SAMPLE_NUMBER",
      "hivecolumns": "`SAMPLE_NUMBER` double,`TEXT_ID` string,`STATUS` string,`OLD_STATUS` string,`DISP_FLDS` string,`LABEL_MASK` string,`IN_SPEC` string,`IN_CAL` string,`CHANGED_ON` timestamp,`RE_SAMPLE` string,`ALIQUOT` string,`ORIGINAL_SAMPLE` double,`PARENT_SAMPLE` double,`PARENT_ALIQUOT` double,`ALIQUOT_GROUP` string,`SAMPLE_VOLUME` double,`SAMPLE_UNITS` string,`LOGIN_DATE` timestamp,`LOGIN_BY` string,`SAMPLED_DATE` timestamp,`RECD_DATE` timestamp,`RECEIVED_BY` string,`DATE_STARTED` timestamp,`STARTED` string,`ASSIGNED_OPERATOR` string,`DUE_DATE` timestamp,`DATE_COMPLETED` timestamp,`DATE_REVIEWED` timestamp,`PREP` string,`PREP_DATE` timestamp,`PREP_BY` string,`REVIEWER` string,`REVIEW_NOTE` string,`PRODUCT_CODE` string,`PRODUCT` string,`PRODUCT_VERSION` double,`PRODUCT_GRADE` string,`SAMPLING_POINT` string,`SAMPLE_TYPE` string,`PROJECT` string,`BATCH_NAME` string,`BATCH_TEMPLATE` string,`STEP` string,`SAMPLE_NAME` string,`DESCRIPTION` string,`PRIORITY` double,`LOCATION` string,`CUSTOMER` string,`TEST_LIST` string,`TEMPLATE` string,`RECIPIENT` string,`STANDARD` string,`EXT_LINK` string,`CONDITION` string,`TIMEPOINT` string,`LOT` double,`BASE_DATE` timestamp,`AVAILABLE_DATE` timestamp,`REQUIRED_DATE` timestamp,`TARGET_DATE` timestamp,`PARTIAL_SPEC` string,`SPEC_TYPE` string,`STAGE` string,`PRIMARY_IN_SPEC` string,`BATCH` string,`CHARGE_CODE` string,`FORMULATION` string,`PROTOCOL_LEVEL` string,`RELEASED` string,`RELEASED_BY` string,`RELEASED_ON` timestamp,`IN_CONTROL` string,`INVESTIGATION` string,`INVESTIGATED` string,`APPROVED` string,`APPROVAL_GROUP` string,`READY_FOR_APPROVAL` string,`APPROVAL_ID` double,`APPROVAL_ROUTING` string,`MODIFIED_RESULTS` string,`REPORT_NUMBER` double,`COMPOSITE` string,`PARENT_COMPOSITE` double,`COMPOSITE_TEMPLATE` string,`SEASON_DATE` timestamp,`PEOPLE` double,`TEST_LOCATION` string,`OWNER_LOCATION` string,`CHK_ALIQUOT_STATUS` string,`CHK_ALIQUOT_SPECS` string,`ALIQUOT_TEMPLATE` string,`CALC_GROUP` string,`SAMPLE_EVENT` double,`LABEL_ID` string,`HAS_FLAGS` string,`VARIATION` string,`SAMPLED_BY` string,`SAMPLED` string,`ORDER_NUM` string,`LAST_ORDER_NUM` string,`STORAGE_CONDITION` string,`CONTAINER_TYPE` string,`NUM_CONTAINERS` double,`IMPORTANT_MESSAGE` string,`OBSERVATIONS` string,`LAB` string,`EXPIRATION_DATE` timestamp,`REQD_VOLUME` double,`COLLECTION_METHOD` string,`COLLECTION_OFFSET` double,`SIGNED` string,`T_PH_SAMPLE_ITEMS` double,`T_PH_MON_LOCATION_ID` double,`T_PH_MON_OPERATOR` string,`T_PH_MON_PROG` string,`T_PH_MON_PROG_VER` double,`T_PH_MON_REASON` string,`T_PH_MON_ROOM` string,`T_PH_SAMPLED_BY` string,`T_PH_RELATED_LOT` double,`T_PH_REQD_PULL_DATE` timestamp,`T_PH_INSTRUMENT` string,`T_PH_INST_EVENT` string,`T_PH_MV_PROTOCOL` string,`T_PH_MV_PROT_VERSION` double,`T_PH_MV_REPLICATE` double,`T_PH_MV_LEVEL` string,`T_PH_MV_GROUP` string,`PROTOCOL` string,`IS_TIME_ZERO` string,`STAB_PULL_DATE` timestamp,`STAB_PULL_BY` string,`T_PH_ITEM_NUMBER` double,`T_PH_MON_LOCATION` string,`T_PH_MON_DIST_DATE` timestamp,`T_PH_MON_ON_TEST` timestamp,`T_PH_MON_OFF_TEST` timestamp,`T_PH_MON_ON_TEST2` timestamp,`T_PH_MON_OFF_TEST2` timestamp,`T_PH_MON_SAMPLE_COMMENT` string,`INSPECT_PNT_NUM` double,`INSPECTION_LOT_NUM` string,`IS_INSPECT_PNT` string,`PLANT` string,`USERC1_VALUE` string,`USERC2_VALUE` string,`USERD1_VALUE` string,`USERN1_VALUE` string,`USERN2_VALUE` string,`USERT1_VALUE` string,`SAP_SELECTED_SET` string,`SAP_CODE_GROUP` string,`SAP_SAMPLE_NUMBER` string,`SAP_SS_PLANT` string,`SAP_SAMPLE_COUNT` string,`OPERATION_NUMBER` string,`C_FORMULA` string,`C_PLANT` string,`C_BACKUP_CONDITION` string,`C_SMP_PLN_ENTRY_CODE` string,`GROUP_NAME` string,`C_SAMPLE_COMMENT` string,`C_LAB_RELEASE_GROUP` string,`C_SEQUENCE` string,`C_ORIGINAL_EM_SAMPLE` double,`C_DUE_DATE_FOR_RETURN` timestamp,`C_DISPOSAL_AMOUNT` double,`C_DISPOSAL_UNIT` string,`C_DISPOSAL_COMMENT` string,`C_DISPOSAL_REQUIRED` string,`C_RETAIN_RETURNED` string,`C_DOC_REFERENCE` string,`C_LOT_REFERENCE` string,`C_SAMPLE_AMOUNT` string,`C_SAMPLING_SITE` string,`C_ITEM_CODE` string",
      "extracolumns": "current_time,updated_time,id",
      "extracolumnstype": "current_time timestamp,updated_time timestamp,id int",
      "query_based_import": "N",
      "columns": "SAMPLE_NUMBER,TEXT_ID,STATUS,OLD_STATUS,DISP_FLDS,LABEL_MASK,IN_SPEC,IN_CAL,CHANGED_ON,RE_SAMPLE,ALIQUOT,ORIGINAL_SAMPLE,PARENT_SAMPLE,PARENT_ALIQUOT,ALIQUOT_GROUP,SAMPLE_VOLUME,SAMPLE_UNITS,LOGIN_DATE,LOGIN_BY,SAMPLED_DATE,RECD_DATE,RECEIVED_BY,DATE_STARTED,STARTED,ASSIGNED_OPERATOR,DUE_DATE,DATE_COMPLETED,DATE_REVIEWED,PREP,PREP_DATE,PREP_BY,REVIEWER,REVIEW_NOTE,PRODUCT_CODE,PRODUCT,PRODUCT_VERSION,PRODUCT_GRADE,SAMPLING_POINT,SAMPLE_TYPE,PROJECT,BATCH_NAME,BATCH_TEMPLATE,STEP,SAMPLE_NAME,DESCRIPTION,PRIORITY,LOCATION,CUSTOMER,TEST_LIST,TEMPLATE,RECIPIENT,STANDARD,EXT_LINK,CONDITION,TIMEPOINT,LOT,BASE_DATE,AVAILABLE_DATE,REQUIRED_DATE,TARGET_DATE,PARTIAL_SPEC,SPEC_TYPE,STAGE,PRIMARY_IN_SPEC,BATCH,CHARGE_CODE,FORMULATION,PROTOCOL_LEVEL,RELEASED,RELEASED_BY,RELEASED_ON,IN_CONTROL,INVESTIGATION,INVESTIGATED,APPROVED,APPROVAL_GROUP,READY_FOR_APPROVAL,APPROVAL_ID,APPROVAL_ROUTING,MODIFIED_RESULTS,REPORT_NUMBER,COMPOSITE,PARENT_COMPOSITE,COMPOSITE_TEMPLATE,SEASON_DATE,PEOPLE,TEST_LOCATION,OWNER_LOCATION,CHK_ALIQUOT_STATUS,CHK_ALIQUOT_SPECS,ALIQUOT_TEMPLATE,CALC_GROUP,SAMPLE_EVENT,LABEL_ID,HAS_FLAGS,VARIATION,SAMPLED_BY,SAMPLED,ORDER_NUM,LAST_ORDER_NUM,STORAGE_CONDITION,CONTAINER_TYPE,NUM_CONTAINERS,IMPORTANT_MESSAGE,OBSERVATIONS,LAB,EXPIRATION_DATE,REQD_VOLUME,COLLECTION_METHOD,COLLECTION_OFFSET,SIGNED,T_PH_SAMPLE_ITEMS,T_PH_MON_LOCATION_ID,T_PH_MON_OPERATOR,T_PH_MON_PROG,T_PH_MON_PROG_VER,T_PH_MON_REASON,T_PH_MON_ROOM,T_PH_SAMPLED_BY,T_PH_RELATED_LOT,T_PH_REQD_PULL_DATE,T_PH_INSTRUMENT,T_PH_INST_EVENT,T_PH_MV_PROTOCOL,T_PH_MV_PROT_VERSION,T_PH_MV_REPLICATE,T_PH_MV_LEVEL,T_PH_MV_GROUP,PROTOCOL,IS_TIME_ZERO,STAB_PULL_DATE,STAB_PULL_BY,T_PH_ITEM_NUMBER,T_PH_MON_LOCATION,T_PH_MON_DIST_DATE,T_PH_MON_ON_TEST,T_PH_MON_OFF_TEST,T_PH_MON_ON_TEST2,T_PH_MON_OFF_TEST2,T_PH_MON_SAMPLE_COMMENT,INSPECT_PNT_NUM,INSPECTION_LOT_NUM,IS_INSPECT_PNT,PLANT,USERC1_VALUE,USERC2_VALUE,USERD1_VALUE,USERN1_VALUE,USERN2_VALUE,USERT1_VALUE,SAP_SELECTED_SET,SAP_CODE_GROUP,SAP_SAMPLE_NUMBER,SAP_SS_PLANT,SAP_SAMPLE_COUNT,OPERATION_NUMBER,C_FORMULA,C_PLANT,C_BACKUP_CONDITION,C_SMP_PLN_ENTRY_CODE,GROUP_NAME,C_SAMPLE_COMMENT,C_LAB_RELEASE_GROUP,C_SEQUENCE,C_ORIGINAL_EM_SAMPLE,C_DUE_DATE_FOR_RETURN,C_DISPOSAL_AMOUNT,C_DISPOSAL_UNIT,C_DISPOSAL_COMMENT,C_DISPOSAL_REQUIRED,C_RETAIN_RETURNED,C_DOC_REFERENCE,C_LOT_REFERENCE,C_SAMPLE_AMOUNT,C_SAMPLING_SITE,C_ITEM_CODE",
      "incrementalkey": "CHANGED_ON",
      "incrementalmode": "lastmodified",
      "fullload": "N",
      "incdependenttable": "LIMS_CAT_RESULT",
      "incdependenttablfk": "SAMPLE_NUMBER"
    },
    {
      "table": "RESULT_SPEC",
      "teradatatable":"LIMS_CTLYST_STG_RESULT_SPEC",
      "splitbykey": "PRODUCT_SPEC_CODE",
      "hivecolumns": "`RESULT_NUMBER` double,`PRODUCT_SPEC_CODE` double,`PRIMARY_IN_SPEC` string,`CONTROL_1` string,`CONTROL_2` string,`IN_CONTROL` string,`REPORTED_VALUE` string",
      "extracolumns": "current_time,updated_time,id",
      "extracolumnstype": "current_time timestamp,updated_time timestamp,id int",
      "query_based_import": "N",
      "columns": "RESULT_NUMBER,PRODUCT_SPEC_CODE,PRIMARY_IN_SPEC,CONTROL_1,CONTROL_2,IN_CONTROL,REPORTED_VALUE",
      "incrementalkey": "",
      "incrementalmode": "lastmodified",
      "fullload": "Y",
      "incdependenttable": "",
      "incdependenttablfk": ""
    },
    {
      "table": "RESULT",
      "teradatatable":"LIMS_CTLYST_STG_RESULT",
      "splitbykey": "RESULT_NUMBER",
      "hivecolumns": "`SAMPLE_NUMBER` double,`TEST_NUMBER` double,`RESULT_NUMBER` double,`ORDER_NUMBER` double,`ANALYSIS` string,`NAME` string,`REPORTED_NAME` string,`REPLICATE_COUNT` double,`RESULT_TYPE` string,`STATUS` string,`OLD_STATUS` string,`MODIFIED_RESULT` string,`MINIMUM` string,`MAXIMUM` string,`ALLOW_OUT` string,`ENTRY` string,`FORMATTED_ENTRY` string,`NUMERIC_ENTRY` double,`FIRST_ENTRY` string,`UNITS` string,`ROUND` string,`PLACES` double,`IN_SPEC` string,`PRIMARY_IN_SPEC` string,`ENTERED_ON` timestamp,`ENTERED_BY` string,`DATE_REVIEWED` timestamp,`REVIEWER` string,`INSTRUMENT` string,`USES_INSTRUMENT` string,`USES_CODES` string,`IN_CAL` string,`AUTO_CALC` string,`LIST_KEY` string,`ALLOW_CANCEL` string,`LINK_SIZE` double,`LINK_DATE` timestamp,`REPORTABLE` string,`OPTIONAL` string,`CODE_ENTERED` string,`CHANGED_ON` timestamp,`STD_REAG_SAMPLE` double,`HAS_ATTRIBUTES` string,`FACTOR_VALUE` string,`FACTOR_OPERATOR` string,`ENTRY_TYPE` string,`MIN_LIMIT` string,`MAX_LIMIT` string,`ALIAS_NAME` string,`CONTROL_1` string,`CONTROL_2` string,`IN_CONTROL` string,`DISPLAYED` string,`ENTRY_QUALIFIER` string,`SPEC_OVERRIDE` string,`DOUBLE_ENTRY_CHK` string,`LO_CONTROL` string,`HI_CONTROL` string,`TEXT_LIMIT` string,`BATCH` string,`FORMAT_CALCULATION` string,`FIRST_ENTRY_BY` string,`FIRST_ENTRY_ON` timestamp,`MILL_RES_NUM` string,`CHART_COMMENT` string,`ATTRIBUTE_1` string,`ATTRIBUTE_2` string,`ATTRIBUTE_3` string,`ATTRIBUTE_4` string,`ATTRIBUTE_5` string,`ATTRIBUTE_6` string,`ATTRIBUTE_7` string,`ATTRIBUTE_8` string,`ATTRIBUTE_9` string,`ATTRIBUTE_10` string,`ATTRIBUTE_11` string,`ATTRIBUTE_12` string,`ATTRIBUTE_13` string,`ATTRIBUTE_14` string,`ATTRIBUTE_15` string,`ATTRIBUTE_16` string,`ATTRIBUTE_17` string,`ATTRIBUTE_18` string,`ATTRIBUTE_19` string,`ATTRIBUTE_20` string,`T_PH_PROD_COMPOUND` string,`T_PH_DISS_TIMEPOINT` double,`T_PH_AQL_REPS` string,`T_PH_AQL_TYPE` string,`T_PH_AQL_ACC` double,`T_PH_AQL_REJ` double,`T_PH_AQL_QUANTITY` double,`SAP_CONFIRMATION_NO` double,`SAP_DEFECT` string,`SAP_EVAL_TYPE` string,`SAP_RECORDING_TYPE` string,`SAP_REPLICATES` double,`SAPPED` string,`SAP_OPTIONAL` string,`C_ATYPICAL_ENTRY` string,`C_ATYPICAL_ID` double,`C_ATYPICAL` string,`C_ATYPICAL_LO` double,`C_ATYPICAL_HI` double,`C_SAP_CHARACTERISTIC` string,`C_DATE_ENTRY` timestamp,`SIGNED` string",
      "extracolumns": "current_time,updated_time,id",
      "extracolumnstype": "current_time timestamp,updated_time timestamp,id int",
      "query_based_import": "N",
      "columns": "SAMPLE_NUMBER,TEST_NUMBER,RESULT_NUMBER,ORDER_NUMBER,ANALYSIS,NAME,REPORTED_NAME,REPLICATE_COUNT,RESULT_TYPE,STATUS,OLD_STATUS,MODIFIED_RESULT,MINIMUM,MAXIMUM,ALLOW_OUT,ENTRY,FORMATTED_ENTRY,NUMERIC_ENTRY,FIRST_ENTRY,UNITS,ROUND,PLACES,IN_SPEC,PRIMARY_IN_SPEC,ENTERED_ON,ENTERED_BY,DATE_REVIEWED,REVIEWER,INSTRUMENT,USES_INSTRUMENT,USES_CODES,IN_CAL,AUTO_CALC,LIST_KEY,ALLOW_CANCEL,LINK_SIZE,LINK_DATE,REPORTABLE,OPTIONAL,CODE_ENTERED,CHANGED_ON,STD_REAG_SAMPLE,HAS_ATTRIBUTES,FACTOR_VALUE,FACTOR_OPERATOR,ENTRY_TYPE,MIN_LIMIT,MAX_LIMIT,ALIAS_NAME,CONTROL_1,CONTROL_2,IN_CONTROL,DISPLAYED,ENTRY_QUALIFIER,SPEC_OVERRIDE,DOUBLE_ENTRY_CHK,LO_CONTROL,HI_CONTROL,TEXT_LIMIT,BATCH,FORMAT_CALCULATION,FIRST_ENTRY_BY,FIRST_ENTRY_ON,MILL_RES_NUM,CHART_COMMENT,ATTRIBUTE_1,ATTRIBUTE_2,ATTRIBUTE_3,ATTRIBUTE_4,ATTRIBUTE_5,ATTRIBUTE_6,ATTRIBUTE_7,ATTRIBUTE_8,ATTRIBUTE_9,ATTRIBUTE_10,ATTRIBUTE_11,ATTRIBUTE_12,ATTRIBUTE_13,ATTRIBUTE_14,ATTRIBUTE_15,ATTRIBUTE_16,ATTRIBUTE_17,ATTRIBUTE_18,ATTRIBUTE_19,ATTRIBUTE_20,T_PH_PROD_COMPOUND,T_PH_DISS_TIMEPOINT,T_PH_AQL_REPS,T_PH_AQL_TYPE,T_PH_AQL_ACC,T_PH_AQL_REJ,T_PH_AQL_QUANTITY,SAP_CONFIRMATION_NO,SAP_DEFECT,SAP_EVAL_TYPE,SAP_RECORDING_TYPE,SAP_REPLICATES,SAPPED,SAP_OPTIONAL,C_ATYPICAL_ENTRY,C_ATYPICAL_ID,C_ATYPICAL,C_ATYPICAL_LO,C_ATYPICAL_HI,C_SAP_CHARACTERISTIC,C_DATE_ENTRY,SIGNED",
      "incrementalkey": "CHANGED_ON",
      "incrementalmode": "lastmodified",
      "fullload": "N",
      "incdependenttable": "",
      "incdependenttablfk": ""

    },
    {
      "table": "PROTOCOL",
      "teradatatable":"LIMS_CTLYST_STG_PROTOCOL",
      "splitbykey": "NAME",
      "hivecolumns": "`NAME` string,`STUDY` string,`CHANGED_BY` string,`CHANGED_ON` timestamp,`REMOVED` string,`DESCRIPTION` string,`GROUP_NAME` string,`EXT_LINK` string,`APPROVED_DATE` timestamp,`APPROVED_BY` string,`STATUS` string,`APPROVED` string,`PROTOCOL_TYPE` string,`ASSIGN_TIMEPOINTS` string,`REGULATED` string,`ASSIGN_EMPTY` string,`ADD_SPEC_TESTS` string,`ADD_PROD_TESTS` string,`TEMPLATE` string,`PRODUCT` string,`APPROVAL_ROUTING` string,`APPROVAL_GROUP` string,`READY_FOR_APPROVAL` string,`APPROVAL_ID` double,`C_LAST_CHANGED_BY` string,`C_APPROVAL_START_BY` string",
      "extracolumns": "current_time,updated_time,id",
      "extracolumnstype": "current_time timestamp,updated_time timestamp,id int",
      "query_based_import": "N",
      "columns": "NAME,STUDY,CHANGED_BY,CHANGED_ON,REMOVED,DESCRIPTION,GROUP_NAME,EXT_LINK,APPROVED_DATE,APPROVED_BY,STATUS,APPROVED,PROTOCOL_TYPE,ASSIGN_TIMEPOINTS,REGULATED,ASSIGN_EMPTY,ADD_SPEC_TESTS,ADD_PROD_TESTS,TEMPLATE,PRODUCT,APPROVAL_ROUTING,APPROVAL_GROUP,READY_FOR_APPROVAL,APPROVAL_ID,C_LAST_CHANGED_BY,C_APPROVAL_START_BY",
      "incrementalkey": "CHANGED_ON",
      "incrementalmode": "lastmodified",
      "fullload": "N",
      "incdependenttable": "",
      "incdependenttablfk": ""

    },
    {
      "table": "PROJECT",
      "teradatatable":"LIMS_CTLYST_STG_PROJECT",
      "splitbykey": "NAME",
      "hivecolumns": "`NAME` string,`TEMPLATE_VERSION` double,`TEMPLATE` string,`TITLE` string,`DESCRIPTION` string,`NOTE` string,`STATUS` string,`OLD_STATUS` string,`DATE_CREATED` timestamp,`DATE_RECEIVED` timestamp,`DATE_STARTED` timestamp,`DATE_COMPLETED` timestamp,`DATE_REVIEWED` timestamp,`COST_FACTOR` double,`CUSTOMER` string,`CUSTOMER_CONTACT` string,`OWNER` string,`CREATED_BY` string,`NUM_SAMPLES` double,`NUM_U` double,`NUM_I` double,`NUM_P` double,`NUM_C` double,`NUM_A` double,`NUM_R` double,`NUM_X` double,`EXT_LINK` string,`GROUP_NAME` string,`CLOSED` string,`DATE_UPDATED` timestamp,`SAMPLE_TEMPLATE` string,`CONCLUSION` string,`PRODUCT` string,`STABILITY` string,`CHARGE_CODE` string,`USE_GROUP_LOGIN` string,`BATCH_TEMPLATE` string,`USE_GRID_LOGIN` string,`CUSTOMER_TEMPLATE` string,`OWNER_LOCATION` string,`ALIQUOT` string,`SIGNED` string,`T_PH_STABILITY_DESC` double,`T_PH_MATRIX_BRACKET` double,`T_PH_STORAGE` double,`T_PH_PACKAGING` double,`T_PH_BATCHES` double,`T_PH_MON_ROOM` string,`T_PH_SAMPLED_DATE` timestamp,`PROTOCOL_TEMPLATE` string,`T_PH_TEST_STYLE` string,`T_PH_ITEM_CODE` string,`C_PLANT` string,`C_STUDY_CLASSIFICATION` string,`C_STUDY_TYPE` string,`C_STUDY_CATEGORY` string,`C_REASON_FOR_STUDY` string,`C_STUDY_SUBMITTER` string,`C_EXT_DOC_REFERENCE` string,`C_STUDY_REF_LEGACY_SYSTEM` string,`C_COMMENTS` string,`C_PRODUCT_NAME` string,`C_NOTIFICATION` string,`C_STABILITY_CLASS` string,`INVESTIGATED` string,`C_PRODUCT_CATEGORY_1` string,`C_PRODUCT_CATEGORY_2` string,`C_PRODUCT_CATEGORY_3` string,`C_NUM_SAMPLE_LABELS` string,`CHANGED_BY` string",
      "extracolumns": "current_time,updated_time,id",
      "extracolumnstype": "current_time timestamp,updated_time timestamp,id int",
      "query_based_import": "N",
      "columns": "NAME,TEMPLATE_VERSION,TEMPLATE,TITLE,DESCRIPTION,NOTE,STATUS,OLD_STATUS,DATE_CREATED,DATE_RECEIVED,DATE_STARTED,DATE_COMPLETED,DATE_REVIEWED,COST_FACTOR,CUSTOMER,CUSTOMER_CONTACT,OWNER,CREATED_BY,NUM_SAMPLES,NUM_U,NUM_I,NUM_P,NUM_C,NUM_A,NUM_R,NUM_X,EXT_LINK,GROUP_NAME,CLOSED,DATE_UPDATED,SAMPLE_TEMPLATE,CONCLUSION,PRODUCT,STABILITY,CHARGE_CODE,USE_GROUP_LOGIN,BATCH_TEMPLATE,USE_GRID_LOGIN,CUSTOMER_TEMPLATE,OWNER_LOCATION,ALIQUOT,SIGNED,T_PH_STABILITY_DESC,T_PH_MATRIX_BRACKET,T_PH_STORAGE,T_PH_PACKAGING,T_PH_BATCHES,T_PH_MON_ROOM,T_PH_SAMPLED_DATE,PROTOCOL_TEMPLATE,T_PH_TEST_STYLE,T_PH_ITEM_CODE,C_PLANT,C_STUDY_CLASSIFICATION,C_STUDY_TYPE,C_STUDY_CATEGORY,C_REASON_FOR_STUDY,C_STUDY_SUBMITTER,C_EXT_DOC_REFERENCE,C_STUDY_REF_LEGACY_SYSTEM,C_COMMENTS,C_PRODUCT_NAME,C_NOTIFICATION,C_STABILITY_CLASS,INVESTIGATED,C_PRODUCT_CATEGORY_1,C_PRODUCT_CATEGORY_2,C_PRODUCT_CATEGORY_3,C_NUM_SAMPLE_LABELS,CHANGED_BY",
      "incrementalkey": "DATE_UPDATED",
      "incrementalmode": "lastmodified",
      "fullload": "N",
      "incdependenttable": "",
      "incdependenttablfk": ""
 
    },
    {
      "table": "PROD_GRADE_STAGE",
      "teradatatable":"LIMS_CTLYST_STG_PRD_GRD",
      "splitbykey": "ANALYSIS",
      "hivecolumns": "`PRODUCT` string,`VERSION` double,`SAMPLING_POINT` string,`GRADE` string,`STAGE` string,`ANALYSIS` string,`ORDER_NUMBER` double,`DESCRIPTION` string,`SPEC_TYPE` string,`NUM_REPS` double,`PARTIAL` string,`EXT_LINK` string,`REPORTED_NAME` string,`VARIATION` string,`REQUIRED` string,`T_PH_SAME_LOT` string,`T_PH_STATUS1` string,`T_PH_STATUS2` string,`T_PH_RECERT` string,`T_USP_SECONDARY` string,`TEST_LOCATION` string,`REQD_VOLUME` double,`ALIQUOT_GROUP` string,`T_PH_STABILITY_GROUP` string,`C_TEST_PRIORITY` double",
      "extracolumns": "current_time,updated_time,id",
      "extracolumnstype": "current_time timestamp,updated_time timestamp,id int",
      "query_based_import": "N",
      "columns": "PRODUCT,VERSION,SAMPLING_POINT,GRADE,STAGE,ANALYSIS,ORDER_NUMBER,DESCRIPTION,SPEC_TYPE,NUM_REPS,PARTIAL,EXT_LINK,REPORTED_NAME,VARIATION,REQUIRED,T_PH_SAME_LOT,T_PH_STATUS1,T_PH_STATUS2,T_PH_RECERT,T_USP_SECONDARY,TEST_LOCATION,REQD_VOLUME,ALIQUOT_GROUP,T_PH_STABILITY_GROUP,C_TEST_PRIORITY",
      "incrementalkey": "",
      "incrementalmode": "lastmodified",
      "fullload": "Y",
      "incdependenttable": "",
      "incdependenttablfk": ""
    },
    {
      "table": "PRODUCT_SPEC",
      "teradatatable":"LIMS_CTLYST_STG_PRODUCT_SPEC",
      "splitbykey": "ENTRY_CODE",
      "hivecolumns": "`ENTRY_CODE` double,`RULE_TYPE` string,`PRODUCT` string,`VERSION` double,`SAMPLING_POINT` string,`GRADE` string,`STAGE` string,`ANALYSIS` string,`COMPONENT` string,`UNITS` string,`ROUND` string,`PLACES` double,`ORDER_NUMBER` double,`SPEC_RULE` string,`MIN_VALUE` string,`MAX_VALUE` string,`TEXT_VALUE` string,`LSL` double,`USL` double,`NOMINAL_VALUE` double,`SHOW_CHART` string,`CHART_TYPE` string,`SUBGROUP_SIZE` double,`FORMULA` string,`PARTIAL` string,`SPEC_TYPE` string,`REQUIRED` string,`NUM_RESULT_REPS` double,`CLASS` string,`SPECIFIC_ANALYSIS` string,`HI_CONTROL_1` string,`HI_CONTROL_2` string,`LO_CONTROL_1` string,`LO_CONTROL_2` string,`REPORTED_NAME` string,`ALIAS_NAME` string,`DESCRIPTION` string,`NUM_HISTORY_PTS` double,`SEASON` string,`FACTOR_VALUES` string,`FACTOR_OPERATOR` string,`T_PH_COA_ORDER` double,`T_PH_PROD_COMPOUND` string,`T_PH_AQL_REPS` string,`T_PH_AQL_TYPE` string,`T_PH_DISS_TIMEPOINT` double,`C_SAP_CHARACTERISTIC` string,`REPORTABLE` string",
      "extracolumns": "current_time,updated_time,id",
      "extracolumnstype": "current_time timestamp,updated_time timestamp,id int",
      "query_based_import": "N",
      "columns": "ENTRY_CODE,RULE_TYPE,PRODUCT,VERSION,SAMPLING_POINT,GRADE,STAGE,ANALYSIS,COMPONENT,UNITS,ROUND,PLACES,ORDER_NUMBER,SPEC_RULE,MIN_VALUE,MAX_VALUE,TEXT_VALUE,LSL,USL,NOMINAL_VALUE,SHOW_CHART,CHART_TYPE,SUBGROUP_SIZE,FORMULA,PARTIAL,SPEC_TYPE,REQUIRED,NUM_RESULT_REPS,CLASS,SPECIFIC_ANALYSIS,HI_CONTROL_1,HI_CONTROL_2,LO_CONTROL_1,LO_CONTROL_2,REPORTED_NAME,ALIAS_NAME,DESCRIPTION,NUM_HISTORY_PTS,SEASON,FACTOR_VALUES,FACTOR_OPERATOR,T_PH_COA_ORDER,T_PH_PROD_COMPOUND,T_PH_AQL_REPS,T_PH_AQL_TYPE,T_PH_DISS_TIMEPOINT,C_SAP_CHARACTERISTIC,REPORTABLE",
      "incrementalkey": "",
      "incrementalmode": "lastmodified",
      "fullload": "Y",
      "incdependenttable": "",
      "incdependenttablfk": ""

    },
    {
      "table": "PRODUCT",
      "teradatatable":"LIMS_CTLYST_STG_PRODUCT",
      "splitbykey": "NAME",
      "hivecolumns": "`NAME` string,`VERSION` double,`CODE` string,`DESCRIPTION` string,`COST_FACTOR` double,`CHANGED_ON` timestamp,`CHANGED_BY` string,`REMOVED` string,`GROUP_NAME` string,`EXT_LINK` string,`TEST_LIST` string,`FULL_TEST_FREQ` double,`LOTS_TO_GO` double,`REPORT_FORMAT` string,`ACTIVE` string,`SAMPLE_PLAN` string,`EFFECTIVE_DATE` timestamp,`APPROVED` string,`APPROVAL_GROUP` string,`READY_FOR_APPROVAL` string,`APPROVAL_ID` double,`TEMPLATE` string,`GRADE_TEMPLATE` string,`STAGE_TEMPLATE` string,`NUMERIC_SPEC_TEMP` string,`TEXT_SPEC_TEMP` string,`FORMULA_SPEC_TEMP` string,`SPC_SPEC_TEMP` string,`REPORTED_SPEC_TEMP` string,`SIGNED` string,`T_PH_CU_DOSAGE` string,`EXTERNAL_ID` string,`C_DISPLAY_AS` string,`C_REVISION` double,`C_LAST_CHANGED_BY` string,`C_APPROVAL_START_BY` string",
      "extracolumns": "current_time,updated_time,id",
      "extracolumnstype": "current_time timestamp,updated_time timestamp,id int",
      "query_based_import": "N",
      "columns": "NAME,VERSION,CODE,DESCRIPTION,COST_FACTOR,CHANGED_ON,CHANGED_BY,REMOVED,GROUP_NAME,EXT_LINK,TEST_LIST,FULL_TEST_FREQ,LOTS_TO_GO,REPORT_FORMAT,ACTIVE,SAMPLE_PLAN,EFFECTIVE_DATE,APPROVED,APPROVAL_GROUP,READY_FOR_APPROVAL,APPROVAL_ID,TEMPLATE,GRADE_TEMPLATE,STAGE_TEMPLATE,NUMERIC_SPEC_TEMP,TEXT_SPEC_TEMP,FORMULA_SPEC_TEMP,SPC_SPEC_TEMP,REPORTED_SPEC_TEMP,SIGNED,T_PH_CU_DOSAGE,EXTERNAL_ID,C_DISPLAY_AS,C_REVISION,C_LAST_CHANGED_BY,C_APPROVAL_START_BY",
      "incrementalkey": "",
      "incrementalmode": "lastmodified",
      "fullload": "Y",
      "incdependenttable": "",
      "incdependenttablfk": ""

    },
    {
      "table": "LOT",
      "teradatatable":"LIMS_CTLYST_STG_LOT",
      "splitbykey": "LOT_NUMBER",
      "hivecolumns": "`LOT_NUMBER` double,`LOT_NAME` string,`CHANGED_BY` string,`CHANGED_ON` timestamp,`DESCRIPTION` string,`GROUP_NAME` string,`DATE_CREATED` timestamp,`PRODUCT` string,`PRODUCT_GRADE` string,`PRODUCT_VERSION` double,`CLOSED` string,`LOT_COMMENT` string,`SUPPLIER` string,`EXT_LINK` string,`REPORT_DATE` timestamp,`CUSTOMER` string,`REPORT_NUMBER` double,`REPRINT_FLAG` string,`REPRINT_DATE` timestamp,`PRODUCTION_DATE` timestamp,`EXPIRY_DATE` timestamp,`QUANTITY` double,`ORDER_NUMBER` string,`ORIGINAL_LOT` double,`PARENT_LOT` double,`SAMPLING_POINT` string,`FULL_TESTING_REQD` string,`IN_SPEC` string,`PRIMARY_IN_SPEC` string,`TEMPLATE` string,`SAMPLE_PLAN` string,`SIGNED` string,`T_PH_RETEST_DATE` timestamp,`T_PH_LOT_NAME` string,`T_PH_ITEM_CODE` string,`T_PH_SUPPLIER_LOT` string,`T_PH_NUM_CONTAINERS` double,`T_PH_UNIT` string,`T_PH_TEST_STATUS` string,`T_PH_RECERT` string,`T_PH_SAME_LOT` string,`T_PH_STATUS1` string,`T_PH_STATUS2` string,`T_PH_FORCE_FULL_TEST` string,`T_PH_INTERFACE_LOGIN` string,`T_PH_STABILITY` string,`IS_TIME_ZERO` string,`BATCH` string,`DEFECT_LIST` string,`DISPOSITION_LIST` string,`INSP_PNT_VAL_A` string,`INSP_PNT_VAL_LIST` string,`INSP_PNT_VAL_PLNT` string,`INSP_PNT_VAL_R` string,`INSPECT_FREQUENCY` string,`INSPECTION_LOT_NUM` string,`INSPECTION_TYPE` string,`MATERIAL` string,`OPERATION_NUMBER` string,`PLANT` string,`SEQ_OF_OPERATION` string,`USAGE_DECISION` string,`USAGE_DECISION_PLT` string,`USERC1_ACTIVE` string,`USERC1_KEYWORD` string,`USERC2_ACTIVE` string,`USERC2_KEYWORD` string,`USERD1_ACTIVE` string,`USERD1_KEYWORD` string,`USERN1_ACTIVE` string,`USERN1_KEYWORD` string,`USERN2_ACTIVE` string,`USERN2_KEYWORD` string,`USERT1_ACTIVE` string,`USERT1_KEYWORD` string,`USES_INSPECT_PNTS` string,`WORK_CENTER` string,`C_FORMULA` string,`C_PLANT` string,`C_RETAIN_LOCATION` string,`C_SMP_CONT_IDS` string,`C_SAMPLER_ID` string,`C_VENDOR` string,`C_VENDOR_LOT` string,`C_ORIGINAL_LOT` double,`C_CLEANEDUP_MFG_LOT` string,`C_PROCESS_ORDER_NUMBER` string,`C_PACKAGING_LINE` string,`C_BATCH_RECORD_NUMBER` string,`C_CANCELED` string,`INVESTIGATED` string,`C_LOT_NUMBER_REFERENCE` string,`C_CONTROLLED_SUBSTANCE` string,`C_SAP_USAGE_DECISION` string,`C_SAP_USAGE_DECISION_VALUE` string,`C_SAP_USAGE_DECISION_DATE` timestamp,`C_NUM_CONTAINERS_TO_SAMPLE` double,`C_SAP_STAGING` string,`C_INSP_LOT_END_DATE` timestamp",
      "extracolumns": "current_time,updated_time,id",
      "extracolumnstype": "current_time timestamp,updated_time timestamp,id int",
      "query_based_import": "N",
      "columns": "LOT_NUMBER,LOT_NAME,CHANGED_BY,CHANGED_ON,DESCRIPTION,GROUP_NAME,DATE_CREATED,PRODUCT,PRODUCT_GRADE,PRODUCT_VERSION,CLOSED,LOT_COMMENT,SUPPLIER,EXT_LINK,REPORT_DATE,CUSTOMER,REPORT_NUMBER,REPRINT_FLAG,REPRINT_DATE,PRODUCTION_DATE,EXPIRY_DATE,QUANTITY,ORDER_NUMBER,ORIGINAL_LOT,PARENT_LOT,SAMPLING_POINT,FULL_TESTING_REQD,IN_SPEC,PRIMARY_IN_SPEC,TEMPLATE,SAMPLE_PLAN,SIGNED,T_PH_RETEST_DATE,T_PH_LOT_NAME,T_PH_ITEM_CODE,T_PH_SUPPLIER_LOT,T_PH_NUM_CONTAINERS,T_PH_UNIT,T_PH_TEST_STATUS,T_PH_RECERT,T_PH_SAME_LOT,T_PH_STATUS1,T_PH_STATUS2,T_PH_FORCE_FULL_TEST,T_PH_INTERFACE_LOGIN,T_PH_STABILITY,IS_TIME_ZERO,BATCH,DEFECT_LIST,DISPOSITION_LIST,INSP_PNT_VAL_A,INSP_PNT_VAL_LIST,INSP_PNT_VAL_PLNT,INSP_PNT_VAL_R,INSPECT_FREQUENCY,INSPECTION_LOT_NUM,INSPECTION_TYPE,MATERIAL,OPERATION_NUMBER,PLANT,SEQ_OF_OPERATION,USAGE_DECISION,USAGE_DECISION_PLT,USERC1_ACTIVE,USERC1_KEYWORD,USERC2_ACTIVE,USERC2_KEYWORD,USERD1_ACTIVE,USERD1_KEYWORD,USERN1_ACTIVE,USERN1_KEYWORD,USERN2_ACTIVE,USERN2_KEYWORD,USERT1_ACTIVE,USERT1_KEYWORD,USES_INSPECT_PNTS,WORK_CENTER,C_FORMULA,C_PLANT,C_RETAIN_LOCATION,C_SMP_CONT_IDS,C_SAMPLER_ID,C_VENDOR,C_VENDOR_LOT,C_ORIGINAL_LOT,C_CLEANEDUP_MFG_LOT,C_PROCESS_ORDER_NUMBER,C_PACKAGING_LINE,C_BATCH_RECORD_NUMBER,C_CANCELED,INVESTIGATED,C_LOT_NUMBER_REFERENCE,C_CONTROLLED_SUBSTANCE,C_SAP_USAGE_DECISION,C_SAP_USAGE_DECISION_VALUE,C_SAP_USAGE_DECISION_DATE,C_NUM_CONTAINERS_TO_SAMPLE,C_SAP_STAGING,C_INSP_LOT_END_DATE",
      "incrementalkey": "",
      "incrementalmode": "lastmodified",
      "fullload": "Y",
      "incdependenttable": "",
      "incdependenttablfk": ""

    },
    {
      "table": "LOCATION",
      "teradatatable":"LIMS_CTLYST_STG_LOCATION",
      "splitbykey": "NAME",
      "hivecolumns": "`NAME` string,`DESCRIPTION` string,`ADDRESS` string,`ZIP` string,`CONTACT` string,`PHONE` string,`FAX` string,`GROUP_NAME` string,`OUTSIDE` string,`COMPANY` string,`SITE` string,`BUILDING` string,`ROOM_NUMBER` string,`CHANGED_ON` timestamp,`CHANGED_BY` string,`REMOVED` string,`EXT_LINK` string,`C_LABORATORY` string,`C_TYPE` string",
      "extracolumns": "current_time,updated_time,id",
      "extracolumnstype": "current_time timestamp,updated_time timestamp,id int",
      "query_based_import": "N",
      "columns": "NAME,DESCRIPTION,ADDRESS,ZIP,CONTACT,PHONE,FAX,GROUP_NAME,OUTSIDE,COMPANY,SITE,BUILDING,ROOM_NUMBER,CHANGED_ON,CHANGED_BY,REMOVED,EXT_LINK,C_LABORATORY,C_TYPE",
      "incrementalkey": "",
      "incrementalmode": "lastmodified",
      "fullload": "Y",
      "incdependenttable": "",
      "incdependenttablfk": ""

    },
    {
      "table": "INVEST_OBJECTS",
      "teradatatable":"LIMS_CTLYST_STG_INVEST_OBJCT",
      "splitbykey": "INVESTIGATION",
      "hivecolumns": "`INVESTIGATION` string,`OBJECT_CLASS` string,`OBJECT_ID` string,`REMARK` string,`ORDER_NUMBER` double",
      "extracolumns": "current_time,updated_time,id",
      "extracolumnstype": "current_time timestamp,updated_time timestamp,id int",
      "query_based_import": "N",
      "columns": "INVESTIGATION,OBJECT_CLASS,OBJECT_ID,REMARK,ORDER_NUMBER",
      "incrementalkey": "",
      "incrementalmode": "lastmodified",
      "fullload": "Y",
      "incdependenttable": "",
      "incdependenttablfk": ""

    },
    {
      "table": "INVESTIGATION",
      "teradatatable":"LIMS_CTLYST_STG_INVESTIGATION",
      "splitbykey": "NAME",
      "hivecolumns": "`NAME` string,`GROUP_NAME` string,`CHANGED_BY` string,`CHANGED_ON` timestamp,`DESCRIPTION` string,`EXT_LINK` string,`ASSIGNED_TO` string,`CREATED_BY` string,`CREATED_ON` timestamp,`OWNER` string,`REVIEWED_BY` string,`REVIEWED_ON` timestamp,`CLOSED` string,`CLOSED_BY` string,`CLOSED_ON` timestamp,`TEMPLATE` string,`CONCLUSION` string,`TYPE` string,`DUE_DATE` timestamp,`NOTES` string,`SAMPLE_TEMPLATE` string,`USE_GROUP_LOGIN` string,`BATCH_TEMPLATE` string,`USE_GRID_LOGIN` string,`STATUS` string,`SIGNED` string,`C_PRIMARY_EXTERNAL_INVEST_ID` string,`C_SECONDARY_EXTERNAL_INVEST_ID` string,`LOT_NUMBER` double",
      "extracolumns": "current_time,updated_time,id",
      "extracolumnstype": "current_time timestamp,updated_time timestamp,id int",
      "query_based_import": "N",
      "columns": "NAME,GROUP_NAME,CHANGED_BY,CHANGED_ON,DESCRIPTION,EXT_LINK,ASSIGNED_TO,CREATED_BY,CREATED_ON,OWNER,REVIEWED_BY,REVIEWED_ON,CLOSED,CLOSED_BY,CLOSED_ON,TEMPLATE,CONCLUSION,TYPE,DUE_DATE,NOTES,SAMPLE_TEMPLATE,USE_GROUP_LOGIN,BATCH_TEMPLATE,USE_GRID_LOGIN,STATUS,SIGNED,C_PRIMARY_EXTERNAL_INVEST_ID,C_SECONDARY_EXTERNAL_INVEST_ID,LOT_NUMBER",
      "incrementalkey": "CHANGED_ON",
      "incrementalmode": "lastmodified",
      "fullload": "N",
      "incdependenttable": "",
      "incdependenttablfk": ""

    },
    {
      "table": "INVENTORY_ITEM",
      "teradatatable":"LIMS_CTLYST_STG_INVENTORY_ITEM",
      "splitbykey": "ITEM_NUMBER",
      "hivecolumns": "`ITEM_NUMBER` double,`CHANGED_BY` string,`CHANGED_ON` timestamp,`GROUP_NAME` string,`EXT_LINK` string,`LOCATION` string,`STOCK` string,`QUANTITY` double,`UNITS` string,`INVENTORY_TYPE` string,`ALLOCATE_TO` string,`T_PH_STUDY` string,`T_PH_TEST_ARTICLE` string,`T_PH_LEVEL` string,`T_PH_LOT_NAME` string,`T_PH_ITEM_CODE` string,`T_PH_BASE_REQD` double,`T_PH_BASE_LOADED` double,`T_PH_OVERAGE_REQD` double,`T_PH_OVERAGE_LOADED` double,`T_PH_CONDITION` string,`T_PH_AMT_PER_PKG` double,`C_RACK` string,`C_SHELF` string,`C_TRAY` string,`C_EXPECTED_DISPOSAL_DATE` timestamp,`C_ACTUAL_DISPOSAL_DATE` timestamp,`C_DISPOSED_BY` string,`LOT_NUMBER` double,`C_SMP_PLN_ENTRY_CODE` string,`C_COMMENT` string,`C_DISPOSAL_HOLD` string,`C_BATCH` string",
      "extracolumns": "current_time,updated_time,id",
      "extracolumnstype": "current_time timestamp,updated_time timestamp,id int",
      "query_based_import": "N",
      "columns": "ITEM_NUMBER,CHANGED_BY,CHANGED_ON,GROUP_NAME,EXT_LINK,LOCATION,STOCK,QUANTITY,UNITS,INVENTORY_TYPE,ALLOCATE_TO,T_PH_STUDY,T_PH_TEST_ARTICLE,T_PH_LEVEL,T_PH_LOT_NAME,T_PH_ITEM_CODE,T_PH_BASE_REQD,T_PH_BASE_LOADED,T_PH_OVERAGE_REQD,T_PH_OVERAGE_LOADED,T_PH_CONDITION,T_PH_AMT_PER_PKG,C_RACK,C_SHELF,C_TRAY,C_EXPECTED_DISPOSAL_DATE,C_ACTUAL_DISPOSAL_DATE,C_DISPOSED_BY,LOT_NUMBER,C_SMP_PLN_ENTRY_CODE,C_COMMENT,C_DISPOSAL_HOLD,C_BATCH",
      "incrementalkey": "CHANGED_ON",
      "incrementalmode": "lastmodified",
      "fullload": "N",
      "incdependenttable": "",
      "incdependenttablfk": ""
 
    },
    {
      "table": "C_TREND_REPORT_DET",
      "teradatatable":"LIMS_CTLYST_STG_C_TRND_RP_DET",
      "splitbykey": "C_TREND_REPORT",
      "hivecolumns": "`C_TREND_REPORT` string,`RESULT_NUMBER` double,`OUTLIER` string,`OUTLIER_REASON` string",
      "extracolumns": "current_time,updated_time,id",
      "extracolumnstype": "current_time timestamp,updated_time timestamp,id int",
      "query_based_import": "N",
      "columns": "C_TREND_REPORT,RESULT_NUMBER,OUTLIER,OUTLIER_REASON",
      "incrementalkey": "",
      "incrementalmode": "lastmodified",
      "fullload": "Y",
      "incdependenttable": "",
      "incdependenttablfk": ""

    },
    {
      "table": "C_SAP_STAGING",
      "teradatatable":"LIMS_CTLYST_STG_C_SAP_STGNG",
      "splitbykey": "NAME",
      "hivecolumns": "`NAME` string,`SAP_SYSTEM` string,`SAP_PLANT` string,`BATCH` string,`INSPECTION_LOT_NUM` string,`T_PH_ITEM_CODE` string,`LOT_NUMBER` double,`CANCELED` string,`INSPECTION_LOT_ORIGIN` string,`MATERIAL_TYPE` string,`VENDOR_BATCH` string,`EXPIRY_DATE` string,`PRODUCTION_DATE` string,`NEXT_INSPECTION_DATE` string,`VENDOR_NUMBER` string,`MANUFACTURER` string,`C_PROCESS_ORDER_NUMBER` string,`ORDER_TYPE` string,`GR_DATE` string,`GR_TIME` string,`T_PH_NUM_CONTAINERS` string,`IDOC_NUMBER` string,`CREATION_DATE` string,`CREATION_TIME` string,`UD_USER_NAME` string,`UD_DATE` string,`UD_TIME` string,`UD_FULL_NAME` string,`USAGE_DECISION` string,`UD_UPDATE` string,`ORDER_ITEM_QUANTITY` string,`ORDER_UOM` string,`DATE_CREATED` timestamp,`UPLOAD_STATUS` string,`UPLOAD_MESSAGE` string,`UPLOAD_RETURN` string,`UPLOAD_DATE` timestamp,`C_INSP_LOT_END_DATE` string",
      "extracolumns": "current_time,updated_time,id",
      "extracolumnstype": "current_time timestamp,updated_time timestamp,id int",
      "query_based_import": "N",
      "columns": "NAME,SAP_SYSTEM,SAP_PLANT,BATCH,INSPECTION_LOT_NUM,T_PH_ITEM_CODE,LOT_NUMBER,CANCELED,INSPECTION_LOT_ORIGIN,MATERIAL_TYPE,VENDOR_BATCH,EXPIRY_DATE,PRODUCTION_DATE,NEXT_INSPECTION_DATE,VENDOR_NUMBER,MANUFACTURER,C_PROCESS_ORDER_NUMBER,ORDER_TYPE,GR_DATE,GR_TIME,T_PH_NUM_CONTAINERS,IDOC_NUMBER,CREATION_DATE,CREATION_TIME,UD_USER_NAME,UD_DATE,UD_TIME,UD_FULL_NAME,USAGE_DECISION,UD_UPDATE,ORDER_ITEM_QUANTITY,ORDER_UOM,DATE_CREATED,UPLOAD_STATUS,UPLOAD_MESSAGE,UPLOAD_RETURN,UPLOAD_DATE,C_INSP_LOT_END_DATE",
      "incrementalkey": "DATE_CREATED",
      "incrementalmode": "lastmodified",
      "fullload": "N",
      "incdependenttable": "",
      "incdependenttablfk": ""

    },
    {
      "table": "C_LAB_RELEASE",
      "teradatatable":"LIMS_CTLYST_STG_C_LAB_REL",
      "splitbykey": "COUNTER",
      "hivecolumns": "`COUNTER` double,`RELEASE_TYPE` string,`RELEASE_RESULT` string,`REMOVED` string,`CHANGED_ON` timestamp,`CHANGED_BY` string,`LAB_RELEASED_ON` timestamp,`LAB_RELEASED_BY` string,`SIGNED` string,`RELEASE_COMMENT` string,`LOT_NUMBER` double",
      "extracolumns": "current_time,updated_time,id",
      "extracolumnstype": "current_time timestamp,updated_time timestamp,id int",
      "query_based_import": "N",
      "columns": "COUNTER,RELEASE_TYPE,RELEASE_RESULT,REMOVED,CHANGED_ON,CHANGED_BY,LAB_RELEASED_ON,LAB_RELEASED_BY,SIGNED,RELEASE_COMMENT,LOT_NUMBER",
      "incrementalkey": "",
      "incrementalmode": "lastmodified",
      "fullload": "Y",
      "incdependenttable": "",
      "incdependenttablfk": ""

    },
    {
      "table": "C_INVEST_REP_CAUSE",
      "teradatatable":"LIMS_CTLYST_STG_INVST_REP_CS",
      "splitbykey": "COUNTER",
      "hivecolumns": "`COUNTER` double,`INVESTIGATION` string,`OBJECT_CLASS` string,`OBJECT_ID` string,`REPORTABLE_CAUSE` string,`CHANGED_ON` timestamp,`CHANGED_BY` string,`REP_CAUSE_COMMENT` string",
      "extracolumns": "current_time,updated_time,id",
      "extracolumnstype": "current_time timestamp,updated_time timestamp,id int",
      "query_based_import": "N",
      "columns": "COUNTER,INVESTIGATION,OBJECT_CLASS,OBJECT_ID,REPORTABLE_CAUSE,CHANGED_ON,CHANGED_BY,REP_CAUSE_COMMENT",
      "incrementalkey": "CHANGED_ON",
      "incrementalmode": "lastmodified",
      "fullload": "N",
      "incdependenttable": "",
      "incdependenttablfk": ""

    },
    {
      "table": "ANALYSIS",
      "teradatatable":"LIMS_CTLYST_STG_ANALYSIS",
      "splitbykey": "NAME",
      "hivecolumns": "`NAME` string,`VERSION` double,`GROUP_NAME` string,`ACTIVE` string,`REPORTED_NAME` string,`COMMON_NAME` string,`ANALYSIS_TYPE` string,`DESCRIPTION` string,`ALIAS_NAME` string,`LAB` string,`INST_GROUP` string,`INSTRUMENT` string,`TEST_LOCATION` string,`EXPECTED_DATE` double,`COST_UNITS` double,`REQD_VOLUME` double,`DESTRUCTIVE` string,`PARAMETER_NAME` string,`PARAMETER_TAG` string,`DISPLAY_MESSAGE` string,`KEY_CONTACT` string,`CHANGED_ON` timestamp,`CHANGED_BY` string,`REMOVED` string,`EXT_LINK` string,`TEST_TEMPLATE` string,`BATCH_LINK` string,`AUTO_AUTHORIZE` string,`AUTO_REJECT` string,`CALC_ON_SAVE` string,`STORE_INCMP_OPTS` string,`ALIQUOT_GROUP` string,`SPLIT_REPLICATES` string,`CROSS_SAMPLE` string,`SAMPLE_TYPE` string,`CONTAINER_TYPE` string,`STORAGE_CONDITIONS` string,`REQUIRES_APPROVAL` string,`APPROVAL_ROLE` string,`QUICK_CODE` string,`VOLUME_UNITS` string,`HIDE_ON_ORDER_FORM` string,`ORDER_STAT` string,`TEST_SEQUENCE_NO` double,`COLLECTION_METHOD` string,`COLLECTION_OFFSET` double,`EFFECTIVE_DATE` timestamp,`APPROVED` string,`APPROVAL_GROUP` string,`READY_FOR_APPROVAL` string,`APPROVAL_ID` double,`DOUBLE_ENTRY` string,`STORAGE_CONDITION` string,`MILL_FORMAT_CALC` string,`ALLOW_MILL_ADHOCS` string,`ATTRIBUTE_1` string,`ATTRIBUTE_2` string,`ATTRIBUTE_3` string,`ATTRIBUTE_4` string,`ATTRIBUTE_5` string,`ATTRIBUTE_6` string,`ATTRIBUTE_7` string,`ATTRIBUTE_8` string,`ATTRIBUTE_9` string,`ATTRIBUTE_10` string,`ATTRIBUTE_11` string,`ATTRIBUTE_12` string,`ATTRIBUTE_13` string,`ATTRIBUTE_14` string,`ATTRIBUTE_15` string,`ATTRIBUTE_16` string,`ATTRIBUTE_17` string,`ATTRIBUTE_18` string,`ATTRIBUTE_19` string,`ATTRIBUTE_20` string,`EXTERNAL_ID` string,`T_PH_PARENT_ANALYSIS` string,`C_LAST_CHANGED_BY` string,`C_APPROVAL_START_BY` string",
      "extracolumns": "current_time,updated_time,id",
      "extracolumnstype": "current_time timestamp,updated_time timestamp,id int",
      "query_based_import": "N",
      "columns": "NAME,VERSION,GROUP_NAME,ACTIVE,REPORTED_NAME,COMMON_NAME,ANALYSIS_TYPE,DESCRIPTION,ALIAS_NAME,LAB,INST_GROUP,INSTRUMENT,TEST_LOCATION,EXPECTED_DATE,COST_UNITS,REQD_VOLUME,DESTRUCTIVE,PARAMETER_NAME,PARAMETER_TAG,DISPLAY_MESSAGE,KEY_CONTACT,CHANGED_ON,CHANGED_BY,REMOVED,EXT_LINK,TEST_TEMPLATE,BATCH_LINK,AUTO_AUTHORIZE,AUTO_REJECT,CALC_ON_SAVE,STORE_INCMP_OPTS,ALIQUOT_GROUP,SPLIT_REPLICATES,CROSS_SAMPLE,SAMPLE_TYPE,CONTAINER_TYPE,STORAGE_CONDITIONS,REQUIRES_APPROVAL,APPROVAL_ROLE,QUICK_CODE,VOLUME_UNITS,HIDE_ON_ORDER_FORM,ORDER_STAT,TEST_SEQUENCE_NO,COLLECTION_METHOD,COLLECTION_OFFSET,EFFECTIVE_DATE,APPROVED,APPROVAL_GROUP,READY_FOR_APPROVAL,APPROVAL_ID,DOUBLE_ENTRY,STORAGE_CONDITION,MILL_FORMAT_CALC,ALLOW_MILL_ADHOCS,ATTRIBUTE_1,ATTRIBUTE_2,ATTRIBUTE_3,ATTRIBUTE_4,ATTRIBUTE_5,ATTRIBUTE_6,ATTRIBUTE_7,ATTRIBUTE_8,ATTRIBUTE_9,ATTRIBUTE_10,ATTRIBUTE_11,ATTRIBUTE_12,ATTRIBUTE_13,ATTRIBUTE_14,ATTRIBUTE_15,ATTRIBUTE_16,ATTRIBUTE_17,ATTRIBUTE_18,ATTRIBUTE_19,ATTRIBUTE_20,EXTERNAL_ID,T_PH_PARENT_ANALYSIS,C_LAST_CHANGED_BY,C_APPROVAL_START_BY",
      "incrementalkey": "",
      "incrementalmode": "lastmodified",
      "fullload": "Y",
      "incdependenttable": "",
      "incdependenttablfk": ""
    }
  ]
}