{
  "sourcedbconnection": "",
  "maillist": "DL-MNTUS-DataBeats-Support@ITS.JNJ.com,DL-JJCUS-GLOBAL-ANALYTICS-MEDICAL-DEVICES-SUPPLY-CHAIN@its.jnj.com",
  "sourcepassword": "",
  "sourceusername": "",
  "mapcount": "4",
  "hivewrkdb": "fda_wrk",
  "application": "EMS",
  "hdfsbasefolder": "/prod/edl/sc/fda/str",
  "retrycount": "2",
  "keytab": "/data/data01/prod/edl/sc/fda/appcode/scripts/safdaep.keytab",
  "sourcedb": "",
  "sourceschema": "",
  "principal": "safdaep@NA.JNJ.COM",
  "hivedb": "ems_core",
  "hivemetadb": "fda_stg",
  "loadfrequency": "Daily",
  "jobruntable": "DATABEAT_EDL_RUN_ID_CNTL",
  "batchloadtable": "DATABEAT_EDL_ETL_BTCH_ID_STAT",
  "srcrunstatustable": "src_run_status_table", 
  "hiveconnection": "jdbc:hive2://edlhiveprod.jnj.com:10000/fda_stg;principal=hive/edlhiveprod.jnj.com@NA.JNJ.COM",
  "fromaddress": "Databeat@itsusraedlp11.jnj.com",
  "hivebackupconnection":"jdbc:hive2://itsusraedlp03.jnj.com:10000/fda_stg;principal=hive/itsusraedlp03.jnj.com@NA.JNJ.COM",
  "logdirectory": "/data/data01/prod/edl/sc/fda/appcode/logs/",
  "hivebackupdb": "fda_arch",
  "backupdirectory": "/prod/edl/sc/fda/str/fda_arch/",
  "maxBackupDays": 2,
  "teradataurl": "jdbc:teradata://RATDPRD/Database=SCMAIN_S,CHARSET=UTF8,LOGMECH=LDAP",
  "teradatausername": "SA-JSC-SCMAIN2-ETL-P",
  "teradatapassword": "jJgmhoUVvz2eXTToTot9aPbd3YH+kBeYns1n/FwHXJ8=",
  "teradatajobruntable": "JSC_EDW_RUN_ID_CNTL",
  "environment": "PROD",
  "sourcetype":"teradata",
  "sourcesystemcode" : "9401", 
  "tables": [
    {
      "table": "F_Z_5I_ROUTES_OF_ADMI",
      "teradatatable": "EMS_STG_ROUTES_OF_ADMI",
      "splitbykey": "MDMINTERNALID",
      "hivecolumns": "`MDMINTERNALID` int,`DISPLAYFIELD` string,`Z_5I_RT_OF_ADM_CODE` string,`Z_5I_RT_OF_ADM_DESC` string,`Z_CREATE_DATE` timestamp,`Z_CREATED_BY` string,`Z_UPDATE_DATE` timestamp,`Z_UPDATED_BY` string",
      "extracolumnstype": "current_time timestamp,updated_time timestamp,id int",
      "extracolumns": "current_time,updated_time,id",
      "incrementalkey": "",
      "incrementalmode": "",
      "incdependenttable": "",
      "incdependenttablfk": "",
      "fullload": "Y"
    },
    {
      "table": "F_Z_COMB_PROD_TYPES",
      "teradatatable": "EMS_STG_COMB_PROD_TYPES",
      "splitbykey": "MDMINTERNALID",
      "hivecolumns": "`MDMINTERNALID` int,`DISPLAYFIELD` string,`Z_COM_PROD_TYP_CODE` string,`Z_COM_PROD_TYP_DESC` string,`Z_CREATE_DATE` timestamp,`Z_CREATED_BY` string,`Z_UPDATE_DATE` timestamp,`Z_UPDATED_BY` string",
      "extracolumnstype": "current_time timestamp,updated_time timestamp,id int",
      "extracolumns": "current_time,updated_time,id",
      "incrementalkey": "",
      "incrementalmode": "",
      "incdependenttable": "",
      "incdependenttablfk": "",
      "fullload": "Y"
    },
    {
      "table": "F_Z_DOSAGE_FORMS",
      "teradatatable": "EMS_STG_DOSAGE_FORMS",
      "splitbykey": "MDMINTERNALID",
       "hivecolumns": "`MDMINTERNALID` int,`DISPLAYFIELD` string,`Z_DOSAGE_FORM_CODE` string,`Z_DOSAGE_FORM_DESC` string,`Z_CREATE_DATE` timestamp,`Z_CREATED_BY` string,`Z_UPDATE_DATE` timestamp,`Z_UPDATED_BY` string",
      "extracolumnstype": "current_time timestamp,updated_time timestamp,id int",
      "extracolumns": "current_time,updated_time,id",
      "query_based_import": "N",
       "incrementalkey": "",
      "incrementalmode": "",
      "incdependenttable": "",
      "incdependenttablfk": "",
       "fullload": "Y"
    },
    {
      "table": "F_Z_DRUG_TYPES",
      "teradatatable": "EMS_STG_DRUG_TYPES",
      "splitbykey": "MDMINTERNALID",
      "hivecolumns": "`MDMINTERNALID` int,`DISPLAYFIELD` string,`Z_DRUG_TYPE_CODE` string,`Z_DRUG_TYPE_DESC` string,`Z_CREATE_DATE` timestamp,`Z_CREATED_BY` string,`Z_UPDATE_DATE` timestamp,`Z_UPDATED_BY` string",
      "extracolumnstype": "current_time timestamp,updated_time timestamp,id int",
      "extracolumns": "current_time,updated_time,id",
       "incrementalkey": "",
      "incrementalmode": "",
      "incdependenttable": "",
      "incdependenttablfk": "",
       "fullload": "Y"
    },
    {
      "table": "F_Z_EXPORT_IND",
      "teradatatable": "EMS_STG_EXPORT_IND",
      "splitbykey": "MDMINTERNALID",
      "hivecolumns": "`MDMINTERNALID` int,`DISPLAYFIELD` string,`Z_EXPORT_IND_CODE` string,`Z_EXPORT_IND_DES` string",
      "extracolumnstype": "current_time timestamp,updated_time timestamp,id int",
      "extracolumns": "current_time,updated_time,id",
      "query_based_import": "N",
      "fullload": "Y"
    },
    {
      "table": "F_Z_FDA_DRUG_APPLI",
      "teradatatable": "EMS_STG_FDA_DRUG_APPLI",
      "splitbykey": "MDMINTERNALID",
      "hivecolumns": "`MDMINTERNALID` int,`DISPLAYFIELD` string,`Z_APPLI_NUMBER` string,`Z_APPLI_NAME` string,`Z_CREATE_DATE` timestamp,`Z_CREATED_BY` string,`Z_UPDATE_DATE` timestamp,`Z_UPDATED_BY` string",
      "extracolumnstype": "current_time timestamp,updated_time timestamp,id int",
      "extracolumns": "current_time,updated_time,id",
      "query_based_import": "N",
      "fullload": "Y"
    },
    {
      "table": "F_Z_PACK_FORMS2",
      "teradatatable": "EMS_STG_PACK_FORMS",
      "splitbykey": "MDMINTERNALID",
      "hivecolumns": "`MDMINTERNALID` int,`DISPLAYFIELD` string,`Z_SOURCE_SYSTEM` string,`Z_PACK_FORM2_DESCRIPTION` string,`Z_PACK_FORM2_CODE` string,`ID_Z_SOURCE_SYSTEM` int",
      "extracolumnstype": "current_time timestamp,updated_time timestamp,id int",
      "extracolumns": "current_time,updated_time,id",
       "incrementalkey": "",
      "incrementalmode": "",
      "incdependenttable": "",
      "incdependenttablfk": "",
       "fullload": "Y"
    },
    {
      "table": "F_Z_PRODUCT_TYPES",
      "teradatatable": "EMS_STG_PRODUCT_TYPES",
      "splitbykey": "MDMINTERNALID",
      "hivecolumns": "`MDMINTERNALID` int,`DISPLAYFIELD` string,`Z_PRD_TYPE_CODE` string,`Z_PRD_TYPE_DESC` string,`Z_CREATE_DATE` timestamp,`Z_CREATED_BY` string,`Z_UPDATE_DATE` timestamp,`Z_UPDATED_BY` string",
      "extracolumnstype": "current_time timestamp,updated_time timestamp,id int",
      "extracolumns": "current_time,updated_time,id",
       "incrementalkey": "",
      "incrementalmode": "",
      "incdependenttable": "",
      "incdependenttablfk": "",
       "fullload": "Y"
    },
    {
      "table": "F_Z_REGULATORY_CLASSES",
      "teradatatable": "EMS_STG_REGULATORY_CLASSES",
      "splitbykey": "MDMINTERNALID",
      "hivecolumns": "`MDMINTERNALID` int,`DISPLAYFIELD` string,`Z_SOURCE_SYSTEM` string,`Z_REG_CLASS_CODE` string,`Z_REG_CLASS_DESC` string,`Z_CREATED_BY` string,`Z_CREATE_DATE` timestamp,`Z_UPDATE_DATE` timestamp,`Z_UPDATED_BY` string,`ID_Z_SOURCE_SYSTEM` int",
      "extracolumnstype": "current_time timestamp,updated_time timestamp,id int",
      "extracolumns": "current_time,updated_time,id",
       "incrementalkey": "",
      "incrementalmode": "",
      "incdependenttable": "",
      "incdependenttablfk": "",
       "fullload": "Y"
    },
    {
      "table": "F_Z_SITE_ACTIVITIES",
      "teradatatable": "EMS_STG_SITE_ACTIVITIES",
      "splitbykey": "MDMINTERNALID",
      "hivecolumns": "`MDMINTERNALID` int,`DISPLAYFIELD` string,`Z_SITE_ACTI_CODE` string,`Z_SITE_ACTI_DESC` string,`Z_CREATE_DATE` timestamp,`Z_CREATED_BY` string,`Z_UPDATE_DATE` timestamp,`Z_UPDATED_BY` string",
      "extracolumnstype": "current_time timestamp,updated_time timestamp,id int",
      "extracolumns": "current_time,updated_time,id",
       "incrementalkey": "",
      "incrementalmode": "",
      "incdependenttable": "",
      "incdependenttablfk": "",
       "fullload": "Y"
    },
    {
      "table": "M_Z_ESTABLISHMENTS",
      "teradatatable": "EMS_STG_ESTABLISHMENTS",
      "splitbykey": "MDMINTERNALID",
      "hivecolumns": "`MDMINTERNALID` int,`Z_DUNS` string,`Z_EST_NAME` string,`Z_FEI` string,`Z_ADDR_LINE` string,`Z_CREATE_DATE` timestamp,`Z_CREATED_BY` string,`Z_UPDATE_DATE` timestamp,`Z_UPDATED_BY` string",
      "extracolumnstype": "current_time timestamp,updated_time timestamp,id int",
      "extracolumns": "current_time,updated_time,id",
       "incrementalkey": "",
      "incrementalmode": "",
      "incdependenttable": "",
      "incdependenttablfk": "",
       "fullload": "Y"
    },
    {
      "table": "TU_MDM_MATERIALS_MDM_SAL",
      "teradatatable": "EMS_STG_MDM_MATL_MDM_SAL",
      "splitbykey": "TOPLEVELINTERNALID",
      "hivecolumns": "`TOPLEVELINTERNALID` int,`MDM_MATERIALSMDMINTERNALID` int,`MDMINTERNALID` int,`DISPLAYFIELD` string,`MDM_SALES_ORGANIZATION` string,`Z_BRAND_OWNER_GLN` string,`Z_CONSUMER_AVAILABILITY_DATE` timestamp,`Z_CONTACT_GLN` string,`Z_DELETION_FLAG` string,`Z_DELIVERING_PLANT` string,`Z_DELIVERY_UNIT_UOM` string,`MDM_DISTRIBUTION_CHANNEL` string,`Z_EXPORT_IND` string,`Z_FR_SHIP_EFF_DATE` timestamp,`Z_GLOBAL_DATA_RELEVANT_IND1839` string,`Z_IMPORT_CLASSIFICATION_TYPE` string,`Z_IMPORT_CLASSIFICATION_VALUE` string,`Z_INFORMATION_PROVIDER_GLN` string,`MDM_ITEM_CATEGORY_GROUP` string,`Z_JNJ_PORTAL_ID` string,`Z_MANUFACTURER_GLN` string,`Z_MATERIAL_GROUP1` string,`Z_MATERIAL_GROUP2` string,`Z_MATERIAL_GROUP3` string,`Z_MATERIAL_GROUP4` string,`Z_MATERIAL_GROUP5` string,`Z_MATERIAL_STATISTICS_GROUP` string,`MDM_SPECIFIC_MATERIAL_STATUS` string,`MDM_MATERIAL_STATUS_VALID_FROM` timestamp,`Z_MAXIMUM_ORDER_QUANTITY` bigint,`Z_MINIMUM_DELIVERY_QUANTITY` bigint,`MDM_MINIMUM_ORDER_QUANTITY_470` bigint,`Z_PUBLISH_TO_DATA_POOL` string,`Z_ROUNDING_PROFILE` string,`MDM_SALES_UNIT` string,`Z_SHIP_TO_ARRIVE` timestamp,`ID_MDM_SALES_ORGANIZATION` bigint,`ID_Z_BRAND_OWNER_GLN` bigint,`ID_Z_CONTACT_GLN` bigint,`ID_Z_DELIVERING_PLANT` bigint,`ID_Z_DELIVERY_UNIT_UOM` bigint,`ID_MDM_DISTRIBUTION_CHANNEL` bigint,`ID_Z_EXPORT_IND` bigint,`ID_Z_INFORMATION_PROVIDER_GLN` bigint,`ID_MDM_ITEM_CATEGORY_GROUP` bigint,`ID_Z_MANUFACTURER_GLN` bigint,`ID_Z_MATERIAL_GROUP1` bigint,`ID_Z_MATERIAL_GROUP2` bigint,`ID_Z_MATERIAL_GROUP3` bigint,`ID_Z_MATERIAL_GROUP4` bigint,`ID_Z_MATERIAL_GROUP5` bigint,`ID_Z_MATERIAL_STATISTICS_GROUP` bigint,`ID_MDM_SPECIFIC_MATERIAL_ST468` bigint,`ID_Z_ROUNDING_PROFILE` bigint,`ID_MDM_SALES_UNIT` bigint",
      "extracolumnstype": "current_time timestamp,updated_time timestamp,id int",
      "extracolumns": "current_time,updated_time,id",
      "query_based_import": "N",
	"incrementalkey": "",
      "incrementalmode": "",
      "incdependenttable": "",
      "incdependenttablfk": "",
       "fullload": "Y"

    },
    {
      "table": "TU_MDM_MATERIALS_Z_REGI",
      "teradatatable": "EMS_STG_MDM_MATL_REGI",
      "splitbykey": "TOPLEVELINTERNALID",
      "hivecolumns": "`TOPLEVELINTERNALID` int,`MDM_MATERIALSMDMINTERNALID` int,`MDMINTERNALID` int,`DISPLAYFIELD` string,`Z_REGISTRATION_NUMBER` string,`Z_REGISTRATION_NUMBER_TYPE` string,`Z_REGISTRATION_NUMBER_COUNTRY` string,`Z_REG_PROD_NAME` string,`Z_SERIAL_FLAG` string,`Z_VALID_FROM_DATE` timestamp,`Z_VALID_TO_DATE` timestamp,`ID_Z_REGISTRATION_NUMBER_TYPE` bigint,`ID_Z_REGISTRATION_NUMBER_C2191` bigint",
      "extracolumnstype": "current_time timestamp,updated_time timestamp,id int",
      "extracolumns": "current_time,updated_time,id",
      "query_based_import": "N",
      "incrementalkey": "",
      "incrementalmode": "",
      "incdependenttable": "",
      "incdependenttablfk": "",
       "fullload": "Y"
    },
    {
      "table": "TU_MDM_Z_ACTV_INGRED_DATA",
      "teradatatable": "EMS_STG_MDM_MATL_ACTV",
      "splitbykey": "TOPLEVELINTERNALID",
      "hivecolumns": "`TOPLEVELINTERNALID` int,`MDM_MATERIALSMDMINTERNALID` int,`MDMINTERNALID` int,`DISPLAYFIELD` string,`Z_ACT_ING_UNII_CODE` string,`Z_ACTV_INGRED` string,`Z_STREN_NUM_VALUE` string,`Z_STREN_NUM_UNIT` string,`Z_STREN_DEN_VALUE` string,`Z_STREN_DEN_UNIT` string,`Z_CREATE_DATE` timestamp,`Z_CREATED_BY` string,`Z_UPDATE_DATE` timestamp,`Z_UPDATED_BY` string,`ID_Z_STREN_NUM_UNIT` bigint,`ID_Z_STREN_DEN_UNIT` bigint",
      "extracolumnstype": "current_time timestamp,updated_time timestamp,id int",
      "extracolumns": "current_time,updated_time,id",
      "query_based_import": "N",
      "incrementalkey": "",
      "incrementalmode": "",
      "incdependenttable": "",
      "incdependenttablfk": "",
       "fullload": "Y"

    },
    {
      "table": "TU_MDM_Z_MAT_PROD_LABEL_DATA",
      "teradatatable": "EMS_STG_MDM_MATL_PROD_LABEL",
      "splitbykey": "TOPLEVELINTERNALID",
      "hivecolumns": "`TOPLEVELINTERNALID` int,`MDM_MATERIALSMDMINTERNALID` int,`MDMINTERNALID` int,`DISPLAYFIELD` string,`Z_ID` int,`Z_PRODUCT_TYPE` string,`Z_DRUG_TYPE` string,`Z_PRODUCT_NAME` string,`Z_GENERIC_NAME` string,`Z_DOSAGE_FORM` string,`Z_5I_DRUG_INDICATOR` string,`Z_5I_ROUTE_OF_ADMIN` string,`Z_NDC_APPL` string,`Z_APPLICANT_NAME` string,`Z_FINAL_LABELER` string,`Z_REPORTING_ESTB` string,`Z_CREATE_DATE` timestamp,`Z_CREATED_BY` string,`Z_UPDATE_DATE` timestamp,`Z_UPDATED_BY` string,`ID_Z_PRODUCT_TYPE` int,`ID_Z_DRUG_TYPE` int,`ID_Z_DOSAGE_FORM` int,`ID_Z_5I_ROUTE_OF_ADMIN` bigint,`ID_Z_APPLICANT_NAME` int",
      "extracolumnstype": "current_time timestamp,updated_time timestamp,id int",
      "extracolumns": "current_time,updated_time,id",
      "incrementalkey": "",
      "incrementalmode": "",
      "incdependenttable": "",
      "incdependenttablfk": "",
       "fullload": "Y"
    },
    {
      "table": "TU_MDM_Z_MAT_PROD_ESTAB_DATA",
      "teradatatable": "EMS_STG_MDM_MATL_PROD",
      "splitbykey": "TOPLEVELINTERNALID",
      "hivecolumns": "`TOPLEVELINTERNALID` int,`MDM_MATERIALSMDMINTERNALID` int,`MDMINTERNALID` int,`DISPLAYFIELD` string,`Z_DUNS` string,`Z_ACTIVITY` string,`Z_EXPIRATION_DATE` timestamp,`Z_CREATE_DATE` timestamp,`Z_CREATED_BY` string,`Z_UPDATE_DATE` timestamp,`Z_UPDATED_BY` string,`ID_Z_ACTIVITY` int",
      "extracolumnstype": "current_time timestamp,updated_time timestamp,id int",
      "extracolumns": "current_time,updated_time,id",
      "query_based_import": "N",
      "incrementalkey": "",
      "incrementalmode": "",
      "incdependenttable": "",
      "incdependenttablfk": "",
       "fullload": "Y"
    },
    {
      "table": "TU_MDM_Z_PROD_PACKAGE_DATA",
      "teradatatable": "EMS_STG_MDM_MATL_PROD_DETAIL",
      "splitbykey": "TOPLEVELINTERNALID",
      "hivecolumns": "`TOPLEVELINTERNALID` int,`MDM_MATERIALSMDMINTERNALID` int,`MDMINTERNALID` int,`DISPLAYFIELD` string,`Z_PACKAGING_LEVEL` bigint,`Z_PACKAGE_TYPE` string,`Z_QUANTITY_VALUE` string,`Z_QUANTITY_UNIT` string,`Z_COMB_PROD_TYPE` string,`Z_CREATE_DATE` timestamp,`Z_CREATED_BY` string,`Z_UPDATE_DATE` timestamp,`Z_UPDATED_BY` string,`ID_Z_PACKAGE_TYPE` bigint,`ID_Z_QUANTITY_UNIT` bigint,`ID_Z_COMB_PROD_TYPE` bigint",
      "extracolumnstype": "current_time timestamp,updated_time timestamp,id int",
      "extracolumns": "current_time,updated_time,id",
      "query_based_import": "N",
      "incrementalkey": "",
      "incrementalmode": "",
      "incdependenttable": "",
      "incdependenttablfk": "",
       "fullload": "Y"
    },
    {
      "table": "F_Z_REG_NUMBER_TYPES",
      "teradatatable": "EMS_STG_REG_NUMBER_TYPES",
      "splitbykey": "MDMINTERNALID",
      "hivecolumns": "`MDMINTERNALID` int,`DISPLAYFIELD` string,`Z_SOURCE_SYSTEM` string,`Z_REG_NUMBER_TYPE_CODE` string,`Z_REG_NUMBER_TYPE_NAME` string,`ID_Z_SOURCE_SYSTEM` int",
      "extracolumnstype": "current_time timestamp,updated_time timestamp,id int",
      "extracolumns": "current_time,updated_time,id",
      "query_based_import": "N",
      "fullload": "Y"
    }
  ]
}
