{
  "sourcedbconnection": "jdbc:oracle:thin:ETQ_SYMPHONY_DATA_BEAT/ETQ_SYMPHONY_DATA_BEAT@itsusralsp05138.jnj.com:1521/NRAP0558.jnj.com",
  "sourcepassword": "yJ7ehlm/OTOuRyEqPO/a3w4Y7Dgj4P4Hy9eM1MFVU70ybufa9x6hY0JYJ8V2EMKQ",
  "maillist": "DL-MNTUS-DataBeats-Support@ITS.JNJ.com,DL-JJCUS-GLOBAL-ANALYTICS-MEDICAL-DEVICES-SUPPLY-CHAIN@its.jnj.com",
  "backupdirectory": "/prod/edl/sc/fda/str/fda_arch/",
  "sourcetype": "teradata",
  "teradatajobruntable": "JSC_EDW_RUN_ID_CNTL",
  "batchloadtable": "DATABEAT_EDL_ETL_BTCH_ID_STAT",
  "mapcount": "4",
  "hivewrkdb": "fda_wrk",
  "application": "ETQ_SYMPHONY",
  "loadfrequency": "Daily",
  "driver": "",
  "hdfsbasefolder": "/prod/edl/sc/fda/str",
  "retrycount": "2",
  "sourceusername": "ETQ_SYMPHONY_DATA_BEAT",
  "keytab": "/data/data01/prod/edl/sc/fda/appcode/scripts/safdaep.keytab",
  "hivebackupdb": "fda_arch",
  "sourcedb": "oracle",
  "jobruntable": "DATABEAT_EDL_RUN_ID_CNTL",
  "maxbackupdays": "2",
  "sourceschema": "CAPA",
  "hivebackupconnection":"jdbc:hive2://itsusraedlp03.jnj.com:10000/fda_stg;principal=hive/itsusraedlp03.jnj.com@NA.JNJ.COM",
  "fromaddress": "Databeat@itsusraedlp11.jnj.com",
  "principal": "safdaep@NA.JNJ.COM",
  "environment": "PROD",
  "hivedb": "fda_stg",
  "teradataurl": "jdbc:teradata://RATDPRD/Database=SCMAIN_S,CHARSET=UTF8,LOGMECH=LDAP",
  "teradatausername": "SA-JSC-SCMAIN2-ETL-P",
  "teradatapassword": "jJgmhoUVvz2eXTToTot9aPbd3YH+kBeYns1n/FwHXJ8=",
  "hiveconnection": "jdbc:hive2://edlhiveprod.jnj.com:10000/fda_stg;principal=hive/edlhiveprod.jnj.com@NA.JNJ.COM",
  "sourcesystemcode": "9431",
  "srcrunstatustable": "src_run_status_table",
  "logdirectory": "/data/data01/prod/edl/sc/fda/appcode/logs/",
  "hivemetadb" : "fda_stg",
  "tables": [
    {
      "table": "DATA_BEAT_ETQ_SYMPH_CAPA_MV",
      "splitbykey": "CAPA_NUMBER",
      "hivecolumns": "`CAPA_NUMBER` string,`CAPA_CREATED_DATE` timestamp,`CAPA_CURRENT_PHASE` string,`CAPA_TITLE` string,`ROOT_CAUSE` string,`EXECUTIVE_SUMMARY` string,`DEPARTMENT_AFFECTED` string,`ACTUAL_DEFECT` string,`PRODUCT_CLASSIFICATION` string,`LOC_PROB_CAT` string,`APPROVER_INV_PLAN` string,`CAPA_IMPLEM_DOCUM` string,`CAPA_TYPE` string,`PRB_DESC` string,`DEPT_OWNING_CAPA` string,`CAPA_OWNER` string,`AREA_MGR_APPROVAL` string,`ACT_EFF_PLAN_APPROVAL` string,`IMP_VER_APPROVAL` string,`APPROVAL_EFFECTIVENESS` string,`EFFECTIVESS_CHECK` string,`EEFCTIVENESS_QA_APPROVAL` string,`GLOBAL_DEFECT_CATEGORY` string,`INV_PLAN_DESCRIPTION` string,`INV_REP_DUE_DATE` timestamp,`APPR_OF_INV_PLAN` string,`INV_SUMMARY_DESC` string,`IS_ACTION_PLAN_REQ` string,`CAPA_EFF_DESC` string,`EFF_CHK_DUE_DATE` timestamp,`IMPLEMENTATION_CONCLUSION` string,`EFF_CHK_FINAL_CONCLUSION` string,`WAS_CAPA_EFFECTIVE` string,`ACTION_PLAN_ID` string,`RELATED_ROOT_CAUSE` string,`ACTION_PLAN_TYPE` string,`ACTION_PLAN` string,`ACTION_PLAN_ASSIGNEE` string,`ACTION_PLAN_DUE_DATE` timestamp,`EDIT_ACTION_IMPL` string,`ACT_DESC_EFF_CHK` string,`DECISION` string,`ACTION_PLAN_COMPLETION_DATE` timestamp,`ACT_DESC_EFF_RVW` string,`REASON_FOR_AP_OVERDUE` string,`ACT_PLAN_CORR_REQD` string",
      "columns": "CAPA_NUMBER,CAPA_CREATED_DATE,CAPA_CURRENT_PHASE,CAPA_TITLE,ROOT_CAUSE,EXECUTIVE_SUMMARY,DEPARTMENT_AFFECTED,ACTUAL_DEFECT,PRODUCT_CLASSIFICATION,LOC_PROB_CAT,APPROVER_INV_PLAN,CAPA_IMPLEM_DOCUM,CAPA_TYPE,PRB_DESC,DEPT_OWNING_CAPA,CAPA_OWNER,AREA_MGR_APPROVAL,ACT_EFF_PLAN_APPROVAL,IMP_VER_APPROVAL,APPROVAL_EFFECTIVENESS,EFFECTIVESS_CHECK,EEFCTIVENESS_QA_APPROVAL,GLOBAL_DEFECT_CATEGORY,INV_PLAN_DESCRIPTION,INV_REP_DUE_DATE,APPR_OF_INV_PLAN,INV_SUMMARY_DESC,IS_ACTION_PLAN_REQ,CAPA_EFF_DESC,EFF_CHK_DUE_DATE,IMPLEMENTATION_CONCLUSION,EFF_CHK_FINAL_CONCLUSION,WAS_CAPA_EFFECTIVE,ACTION_PLAN_ID,RELATED_ROOT_CAUSE,ACTION_PLAN_TYPE,ACTION_PLAN,ACTION_PLAN_ASSIGNEE,ACTION_PLAN_DUE_DATE,EDIT_ACTION_IMPL,ACT_DESC_EFF_CHK,DECISION,ACTION_PLAN_COMPLETION_DATE,ACT_DESC_EFF_RVW,REASON_FOR_AP_OVERDUE,ACT_PLAN_CORR_REQD",
      "extracolumnstype": "current_time timestamp,updated_time timestamp,id int",
      "extracolumns": "current_time,updated_time,id",
      "query_based_import": "N",
      "fullload": "Y"
    }
  ]
}
