{

"sourcedbconnection": "jdbc:oracle:thin:ETQ_SYMPHONY_DATA_BEAT/ETQ_SYMPHONY_DATA_BEAT@itsusralsp05138.jnj.com:1521/NRAP0558.jnj.com",
  "sourcepassword": "yJ7ehlm/OTOuRyEqPO/a3w4Y7Dgj4P4Hy9eM1MFVU70ybufa9x6hY0JYJ8V2EMKQ",
  "maillist": "DL-MNTUS-DataBeats-Support@ITS.JNJ.com,DL-JJCUS-GLOBAL-ANALYTICS-MEDICAL-DEVICES-SUPPLY-CHAIN@its.jnj.com",
  "backupdirectory": "/prod/edl/sc/fda/str/fda_arch/",
  "sourcetype": "teradata",
  "teradatajobruntable": "JSC_EDW_RUN_ID_CNTL",
  "batchloadtable": "DATABEAT_EDL_ETL_BTCH_ID_STAT",
  "mapcount": "4",
  "hivewrkdb": "fda_wrk",
  "application": "ETQ_SYMPHONY",
  "loadfrequency": "Daily",
  "driver": "",
  "hdfsbasefolder": "/prod/edl/sc/fda/str",
  "retrycount": "2",
  "sourceusername": "ETQ_SYMPHONY_DATA_BEAT",
  "keytab": "/data/data01/prod/edl/sc/fda/appcode/scripts/safdaep.keytab",
  "hivebackupdb": "fda_arch",
  "sourcedb": "oracle",
  "jobruntable": "DATABEAT_EDL_RUN_ID_CNTL",
  "maxbackupdays": "2",
  "sourceschema": "NC",
  "hivebackupconnection":"jdbc:hive2://itsusraedlp03.jnj.com:10000/fda_stg;principal=hive/itsusraedlp03.jnj.com@NA.JNJ.COM",
  "fromaddress": "Databeat@itsusraedlp11.jnj.com",
  "principal": "safdaep@NA.JNJ.COM",
  "environment": "PROD",
  "hivedb": "fda_stg",
  "teradataurl": "jdbc:teradata://RATDPRD/Database=SCMAIN_S,CHARSET=UTF8,LOGMECH=LDAP",
  "teradatausername": "SA-JSC-SCMAIN2-ETL-P",
  "teradatapassword": "jJgmhoUVvz2eXTToTot9aPbd3YH+kBeYns1n/FwHXJ8=",
  "hiveconnection": "jdbc:hive2://edlhiveprod.jnj.com:10000/fda_stg;principal=hive/edlhiveprod.jnj.com@NA.JNJ.COM",
  "sourcesystemcode": "9431",
  "srcrunstatustable": "src_run_status_table",
  "logdirectory": "/data/data01/prod/edl/sc/fda/appcode/logs/",
  "hivemetadb" : "fda_stg",
  "tables": [
    {
      "table": "DATA_BEAT_ETQ_SYMPH_NC_MV",
      "splitbykey": "NC_ID",
      "hivecolumns": "`NC_ID` INT,`NC_NUMBER` STRING,`INV_NUMBER` STRING,`NC_CREATED_DATE` TIMESTAMP,`NC_COMPLETED_DATE` TIMESTAMP,`NC_CURRENT_PHASE` STRING,`NC_LOCATION` STRING,`NC_TYPE` STRING,`NC_TITLE` STRING,`NC_EVENT_DESC` STRING,`NC_PRODUCT_IMPACTED` STRING,`NC_NO_PR_EXPLANATION` STRING,`NC_MATERIAL_IMPACTED` STRING,`NC_NO_MA_EXPLANATION` STRING,`IS_INV_NC` STRING,`NC_RATIONALE_FOR_NC` STRING,`NC_EXTMANU_INV` STRING,`NC_INCIDENT_DATE` TIMESTAMP,`NC_DISCOVERY_DATE` TIMESTAMP,`NC_INV_CAT` STRING,`NC_DEPT_AFFECTED` STRING,`NC_FRANCHISE` STRING,`NC_SHIFT` STRING,`NC_WORK_CENTER` STRING,`NC_OPERATOR` STRING,`NC_ACTUAL_DEFECT` STRING,`NC_REFERENCE_INFORMATION` STRING,`NC_LEVEL` STRING,`NC_REASON_LEVEL` STRING,`NC_CORR_NUMBER` STRING,`NC_CORR_CREATED_DATE` TIMESTAMP,`NC_CORR_TYPE` STRING,`NC_CORR_DEPARTMENT` STRING,`NC_CORR_EST_COMP_DATE` TIMESTAMP,`NC_CORR_ACT_ITEM_DESC` STRING,`NC_CORR_DESC_HAS_DONE` STRING,`NC_CORRE_COMP_DATE` TIMESTAMP,`NC_CORR_RATNL_OVERDUE` STRING,`PS_INSPECTION_LOT` STRING,`MS_INSPECTION_LOT` STRING,`PS_BATCH_NUMBER` STRING,`MS_BATCH_NUMBER` STRING,`PS_PRODUCT_NUMBER` STRING,`MS_PRODUCT_MAT_NUMBER` STRING,`PS_PRODUCT_NAME` STRING,`MS_PRODUCT_NAME` STRING,`PS_SAP_INSPECTION_CHAR_ID` STRING,`MS_SAP_INSPECTION_CHAR_ID` STRING,`PS_SAP_USAGE_DECISION` STRING,`MS_SAP_USAGE_DECISION` STRING,`PS_MATERIAL_PLANT` STRING,`MS_MATERIAL_PLANT` STRING,`PS_STORAGE_LOC` STRING,`MS_STORAGE_LOC` STRING,`PS_FORMULA_NUM` STRING,`MS_FORMULA_NUM` STRING,`MS_VENDOR_NAME` STRING,`PS_INT_QTY_ON_HOLD` INT,`MS_INT_QTY_ON_HOLD` INT,`PS_QTY_ACCEPTED` INT,`MS_QTY_ACCEPTED` INT,`PS_QTY_DESTROYED` INT,`MS_QTY_DESTROYED` INT,`PS_QTY_RET_VEN` INT,`MS_QTY_RET_VEN` INT,`PS_UNIT_MSR` STRING,`PS_UNIT_MSR_1` STRING,`PS_DISPOSITION_STATUS` STRING,`MS_DISPOSITION_STATUS` STRING,`PS_EM_JNJ_AFF_NAME` STRING,`PS_CONTACT_PERSON` STRING,`PS_QA_ENGG` STRING,`MS_SUPP_MANUF_NAME` STRING,`MS_SUPP_MANUF_CONT_NAME` STRING,`MS_SUPP_MANUF_ADDRESS` STRING,`PS_REGION_COUNTRY` STRING,`MS_REGION_COUNTRY` STRING,`PS_ADDRESS` STRING,`PS_VENDOR_NUM` STRING,`MS_DATE_RECEIVED` TIMESTAMP,`MS_ORDER_NUMBER` STRING,`MS_INVOICE_NUMBER` STRING,`MS_CONTROL_NUM` STRING,`MS_OTHER` STRING,`NC_DESC_IMM_ACT_TAK` STRING,`NC_INV_STRATEGY` STRING,`NC_OVERVIEW_BACKGROUND` STRING,`NC_SEQ_EVENT` STRING,`NC_HISTORICAL_REVIEWS` STRING,`NC_TEMPLATE_SELECTION` STRING,`NC_INVESTIGATION_RESULTS` STRING,`NC_ROOT_CAUSE_ANALYSIS` STRING,`NC_ROOT_CAUSE` STRING,`NC_CAPA_DESCRIPTION` STRING,`NC_NONCONFORMANCE_CAUSE` STRING,`NC_GLOBAL_CATEGORY` STRING,`NC_SUMMARY_CONCLUSION` STRING,`NC_EXECUTIVE_SUMMARY` STRING,`NC_TEMPLATE_NAME` STRING,`NC_TEMPLATE_RESPONSIBLE_PERSON` STRING,`NC_TEMPLATE_INV_RESULT` STRING,`NC_TEMPLATE_NUMBER` STRING,`NC_TEMPLATE_CREATED_DATE` TIMESTAMP,`NC_TEMPLATE_ASN_DUE_DATE` TIMESTAMP,`NC_TEMPLATE_CLOSED_DATE` TIMESTAMP,`NC_EXT_ORIGINAL_DUE_DATE` TIMESTAMP,`NC_EXT_NUMBER` STRING,`NC_EXT_NUM_REQ` INT,`NC_EXT_JUSTIFICATION` STRING,`NC_EXT_PROP_REV_DUE_DATE` TIMESTAMP,`NC_EXT_APPROVAL_STATUS` STRING,`NC_EXT_RATIONALE` STRING,`NC_EXT_REVISED_DUE_DATE` TIMESTAMP,     `NC_ADDENDUM_NUMBER` STRING,`NC_ADDENDUM_RATIONALE` STRING,`NC_ADDENDUM_APPROVAL_DESCISION` STRING,`NC_INV_DISP_APP_COMMENTS` STRING,`NC_APP_OF_INV_WTH_CORR_PEND` STRING,`NC_REWRK_COMMENTS` STRING,`NC_REWRK_APP_COMMENTS` STRING,`NC_EVAL_OF_INCIDENT` STRING,`NC_HV_ALL_PM_RJT_SCCP` STRING,`NC_EXPLAIN_WHY_NOT_RJT_PROD` STRING,`NC_DSTR_EVDNCE` STRING,`NC_DSTR_COMMENTS` STRING,`NC_FINAL_APPROOVAL` STRING,`NC_PROD_MAT_IMPACTED` STRING",
      "columns": "NC_ID,NC_NUMBER,INV_NUMBER,NC_CREATED_DATE,NC_COMPLETED_DATE,NC_CURRENT_PHASE,NC_LOCATION,NC_TYPE,NC_TITLE,NC_EVENT_DESC,NC_PRODUCT_IMPACTED,NC_NO_PR_EXPLANATION,NC_MATERIAL_IMPACTED,NC_NO_MA_EXPLANATION,IS_INV_NC,NC_RATIONALE_FOR_NC,NC_EXTMANU_INV,NC_INCIDENT_DATE,NC_DISCOVERY_DATE,NC_INV_CAT,NC_DEPT_AFFECTED,NC_FRANCHISE,NC_SHIFT,NC_WORK_CENTER,NC_OPERATOR,NC_ACTUAL_DEFECT,NC_REFERENCE_INFORMATION,NC_LEVEL,NC_REASON_LEVEL,NC_CORR_NUMBER,NC_CORR_CREATED_DATE,NC_CORR_TYPE,NC_CORR_DEPARTMENT,NC_CORR_EST_COMP_DATE,NC_CORR_ACT_ITEM_DESC,NC_CORR_DESC_HAS_DONE,NC_CORRE_COMP_DATE,NC_CORR_RATNL_OVERDUE,PS_INSPECTION_LOT,MS_INSPECTION_LOT,PS_BATCH_NUMBER,MS_BATCH_NUMBER,PS_PRODUCT_NUMBER,MS_PRODUCT_MAT_NUMBER,PS_PRODUCT_NAME,MS_PRODUCT_NAME,PS_SAP_INSPECTION_CHAR_ID,MS_SAP_INSPECTION_CHAR_ID,PS_SAP_USAGE_DECISION,MS_SAP_USAGE_DECISION,PS_MATERIAL_PLANT,MS_MATERIAL_PLANT,PS_STORAGE_LOC,MS_STORAGE_LOC,PS_FORMULA_NUM,MS_FORMULA_NUM,MS_VENDOR_NAME,PS_INT_QTY_ON_HOLD,MS_INT_QTY_ON_HOLD,PS_QTY_ACCEPTED,MS_QTY_ACCEPTED,PS_QTY_DESTROYED,MS_QTY_DESTROYED,PS_QTY_RET_VEN,MS_QTY_RET_VEN,PS_UNIT_MSR,PS_UNIT_MSR_1,PS_DISPOSITION_STATUS,MS_DISPOSITION_STATUS,PS_EM_JNJ_AFF_NAME,PS_CONTACT_PERSON,PS_QA_ENGG,MS_SUPP_MANUF_NAME,MS_SUPP_MANUF_CONT_NAME,MS_SUPP_MANUF_ADDRESS,PS_REGION_COUNTRY,MS_REGION_COUNTRY,PS_ADDRESS,PS_VENDOR_NUM,MS_DATE_RECEIVED,MS_ORDER_NUMBER,MS_INVOICE_NUMBER,MS_CONTROL_NUM,MS_OTHER,NC_DESC_IMM_ACT_TAK,NC_INV_STRATEGY,NC_OVERVIEW_BACKGROUND,NC_SEQ_EVENT,NC_HISTORICAL_REVIEWS,NC_TEMPLATE_SELECTION,NC_INVESTIGATION_RESULTS,NC_ROOT_CAUSE_ANALYSIS,NC_ROOT_CAUSE,NC_CAPA_DESCRIPTION,NC_NONCONFORMANCE_CAUSE,NC_GLOBAL_CATEGORY,NC_SUMMARY_CONCLUSION,NC_EXECUTIVE_SUMMARY,NC_TEMPLATE_NAME,NC_TEMPLATE_RESPONSIBLE_PERSON,NC_TEMPLATE_INV_RESULT,NC_TEMPLATE_NUMBER,NC_TEMPLATE_CREATED_DATE,NC_TEMPLATE_ASN_DUE_DATE,NC_TEMPLATE_CLOSED_DATE,NC_EXT_ORIGINAL_DUE_DATE,NC_EXT_NUMBER,NC_EXT_NUM_REQ,NC_EXT_JUSTIFICATION,NC_EXT_PROP_REV_DUE_DATE,NC_EXT_APPROVAL_STATUS,NC_EXT_RATIONALE,NC_EXT_REVISED_DUE_DATE,NC_ADDENDUM_NUMBER,NC_ADDENDUM_RATIONALE,NC_ADDENDUM_APPROVAL_DESCISION,NC_INV_DISP_APP_COMMENTS,NC_APP_OF_INV_WTH_CORR_PEND,NC_REWRK_COMMENTS,NC_REWRK_APP_COMMENTS,NC_EVAL_OF_INCIDENT,NC_HV_ALL_PM_RJT_SCCP,NC_EXPLAIN_WHY_NOT_RJT_PROD,NC_DSTR_EVDNCE,NC_DSTR_COMMENTS,NC_FINAL_APPROOVAL,NC_PROD_MAT_IMPACTED",
      "extracolumnstype": "current_time timestamp,updated_time timestamp,id int",
      "extracolumns": "current_time,updated_time,id",
      "query_based_import": "N",
      "fullload": "Y"
    }  ]
}
