{
  "sourcedbconnection": "jdbc:sqlserver://ITSUSRAWSP05712:1433;database=DATABEAT_WEBAPP_DB",
  "sourcepassword": "+XDrdb5Om5YUUu8EBarnoV/BbtFbpw1pRXeg+ouhaIc9hIq0+kezFA1Aj1vI5y2L",
  "maillist": "DL-MNTUS-DataBeats-Support@ITS.JNJ.com",
  "backupdirectory": "/prod/edl/sc/fda/str/fda_arch/",
  "sourcetype": "teradata",
  "teradatajobruntable": "JSC_EDW_RUN_ID_CNTL",
  "batchloadtable": "DATABEAT_EDL_ETL_BTCH_ID_STAT",
  "mapcount": "4",
  "hivewrkdb": "fda_wrk",
  "application": "WEBUI",
  "loadfrequency": "Daily",
  "driver": "",
  "hdfsbasefolder": "/prod/edl/sc/fda/str",
  "retrycount": "2",
  "sourceusername": "SA-EES-DATABEAT-SQLWEBPRD",
  "keytab": "/data/data01/prod/edl/sc/fda/appcode/scripts/safdaep.keytab",
  "hivebackupdb": "fda_arch",
  "sourcedb": "sqlserver",
  "jobruntable": "DATABEAT_EDL_RUN_ID_CNTL",
  "maxbackupdays": "2",
  "sourceschema": "dbo",
  "hivebackupconnection":"jdbc:hive2://itsusraedlp03.jnj.com:10000/fda_stg;principal=hive/itsusraedlp03.jnj.com@NA.JNJ.COM",
  "fromaddress": "Databeat@itsusraedlp11.jnj.com",
  "principal": "safdaep@NA.JNJ.COM",
  "environment": "PROD",
  "hivemetadb": "fda_stg",
  "hivedb": "fda_stg",
  "teradataurl": "jdbc:teradata://RATDPRD/Database=SCMAIN_S,CHARSET=UTF8,LOGMECH=LDAP",
  "teradatausername": "SA-JSC-SCMAIN2-ETL-P",
  "teradatapassword": "jJgmhoUVvz2eXTToTot9aPbd3YH+kBeYns1n/FwHXJ8=",
  "hiveconnection": "jdbc:hive2://edlhiveprod.jnj.com:10000/fda_stg;principal=hive/edlhiveprod.jnj.com@NA.JNJ.COM",
  "sourcesystemcode": "9471",
  "srcrunstatustable": "src_run_status_table",
  "logdirectory": "/data/data01/prod/edl/sc/fda/appcode/logs/",
  "tables": [
    {
      "table": "tbl_mapping_master",
       "teradatatable" :"WEBUI_DTBT_MAPPING_MASTER", 
      "splitbykey": "mm_id",
      "hivecolumns": "`mm_id` int,`mm_filename` string,`mm_reportableproduct` string,`mm_ndccode` string,`mm_status` string,`mm_uploadedby` string,`mm_datecreated` timestamp,`mm_datemodified` timestamp,`mm_modifiedby` string,`mm_comments` string,`edw_matl_id` int",
      "extracolumnstype": "current_time timestamp,updated_time timestamp,id int",
      "extracolumns": "current_time,updated_time,id",
      "query_based_import": "N",
      "columns": "mm_id,mm_filename,mm_reportableproduct,mm_ndccode,mm_status,mm_uploadedby,mm_datecreated,mm_datemodified,mm_modifiedby,mm_comments,edw_matl_id",
      "fullload": "Y",
      "sqoopcolumns": "mm_id,mm_filename,mm_reportableproduct,mm_ndccode,mm_status,mm_uploadedby,mm_datecreated,mm_datemodified,mm_modifiedby,mm_comments,edw_matl_id"
    },
   {
      "table": "tbl_mappingdetails",
       "teradatatable" :"WEBUI_DTBT_MAPPINGDETAILS",
      "splitbykey": "md_id",
      "hivecolumns": "`md_id` int,`md_mappingmasterid` int,`md_materialnumber` string,`md_materialdescription` string,`md_manufacturingsite` string,`md_materialtype` string,`md_status` string,`md_createdby` string,`md_modifiedby` string,`md_datecreated` timestamp,`md_datemodified` timestamp,`md_manufacturingsitedesc` string,`edw_src_sys_cd` string",
      "extracolumnstype": "current_time timestamp,updated_time timestamp,id int",
      "extracolumns": "current_time,updated_time,id",
      "query_based_import": "N",
      "columns": "md_id,md_mappingmasterid,md_materialnumber,md_materialdescription,md_manufacturingsite,md_materialtype,md_status,md_createdby,md_modifiedby,md_datecreated,md_datemodified,md_manufacturingsitedesc,edw_src_sys_cd",
      "fullload": "Y",
      "sqoopcolumns": "md_id,md_mappingmasterid,md_materialnumber,md_materialdescription,md_manufacturingsite,md_materialtype,md_status,md_createdby,md_modifiedby,md_datecreated,md_datemodified,md_manufacturingsitedesc,edw_src_sys_cd"
    },
   {
      "table": "tbl_product_comments",
      "teradatatable" :"WEBUI_DTBT_PRD_CMTS",
      "splitbykey": "pc_id",
     "hivecolumns": "`pc_id` int,`pc_reportableproduct` string,`pc_ndccode` string,`pc_year` int,`pc_comments` string,`pc_createdby` string,`pc_modifiedby` string,`pc_datecreated` timestamp,`pc_datemodified` timestamp,`pc_status` string,`pc_mappingmasterid` int",
      "extracolumnstype": "current_time timestamp,updated_time timestamp,id int",
      "extracolumns": "current_time,updated_time,id",
      "query_based_import": "N",
      "columns": "pc_id,pc_reportableproduct,pc_ndccode,pc_year,pc_comments,pc_createdby,pc_modifiedby,pc_datecreated,pc_datemodified,pc_status,pc_mappingmasterid",
      "fullload": "Y",
      "sqoopcolumns": "pc_id,pc_reportableproduct,pc_ndccode,pc_year,pc_comments,pc_createdby,pc_modifiedby,pc_datecreated,pc_datemodified,pc_status,pc_mappingmasterid"
    }
  ]
}
