{ "driver": "",
  "sourcedbconnection": "",
  "maillist": "DL-MNTUS-DataBeats-Support@ITS.JNJ.com",
  "sourcepassword": "",
  "sourceusername": "",
  "mapcount": "4",
  "hivewrkdb": "fda_wrk",
  "application": "BTB_CANADA",
  "hdfsbasefolder": "/prod/edl/sc/fda/str",
  "retrycount": "2",
  "keytab": "/data/data01/prod/edl/sc/fda/appcode/scripts/safdaep.keytab",
  "sourcedb": "",
  "sourceschema": "",
  "principal": "safdaep@NA.JNJ.COM",
  "hivedb": "b2b_core",
  "hivemetadb": "fda_stg",
  "loadfrequency": "Daily",
  "jobruntable": "DATABEAT_EDL_RUN_ID_CNTL",
  "batchloadtable": "DATABEAT_EDL_ETL_BTCH_ID_STAT",
  "srcrunstatustable": "src_run_status_table", 
  "hiveconnection":"jdbc:hive2://edlhiveprod.jnj.com:10000/fda_stg;principal=hive/edlhiveprod.jnj.com@NA.JNJ.COM",
  "fromaddress": "Databeat@itsusraedlp11.jnj.com",
  "hivebackupconnection":"jdbc:hive2://itsusraedlp03.jnj.com:10000/fda_stg;principal=hive/itsusraedlp03.jnj.com@NA.JNJ.COM",
  "logdirectory": "/data/data01/prod/edl/sc/fda/appcode/logs/",
  "hivebackupdb": "fda_arch",
  "backupdirectory": "/prod/edl/sc/fda/str/fda_arch/",
  "maxBackupDays": 2,
  "teradataurl": "jdbc:teradata://RATDPRD/Database=SCMAIN_S,CHARSET=UTF8,LOGMECH=LDAP",
  "teradatausername": "SA-JSC-SCMAIN2-ETL-P",
  "teradatapassword": "jJgmhoUVvz2eXTToTot9aPbd3YH+kBeYns1n/FwHXJ8=",
  "teradatajobruntable": "JSC_EDW_RUN_ID_CNTL",
  "environment": "PROD",
  "sourcetype":"teradata",
  "sourcesystemcode" : "9411",
   "tables": [
{"table":"CABN",
"teradatatable":"SAP_CA_STG_CABN",
"stageTablename":"SAPHANA_BTB_NA_CABN",
"splitbykey":"ADZHL",
"hivecolumns":"`MANDT` string,`ATINN` string,`ADZHL` string,`ATNAM` string,`ATIDN` string,`ATFOR` string,`ANZST` smallint,`ANZDZ` smallint,`ATVOR` string,`ATSCH` string,`ATKLE` string,`ATKON` string,`ATEND` string,`ATAEN` string,`ATKLA` string,`ATERF` string,`ATEIN` string,`ATAME` string,`ATWME` string,`MSEHI` string,`ATDIM` smallint,`ATGLO` string,`ATGLA` string,`ATINT` string,`ATUNS` string,`ATSON` string,`ATTAB` string,`ATFEL` string,`ATTEI` string,`ATPRT` string,`ATPRR` string,`ATPRF` string,`ATWRD` string,`ATFOD` string,`ATHIE` string,`ATDEX` string,`ATFGA` string,`ATVSC` string,`ANAME` string,`ADATU` string,`VNAME` string,`VDATU` string,`ATXAC` string,`ATYAC` string,`ATMST` string,`ATWSO` string,`ATBSO` string,`DATUV` string,`TECHV` string,`AENNR` string,`LKENZ` string,`ATWRI` string,`DOKAR` string,`DOKNR` string,`DOKVR` string,`DOKTL` string,`KNOBJ` string,`ATINP` string,`ATVIE` string,`WERKS` string,`KATALOGART` string,`AUSWAHLMGE` string,`ATHKA` string,`ATHKO` string,`CLINT` string,`ATTOL` string,`ATZUS` string,`ATVPL` string,`ATAUTH` string,`COUNTRYGRP` string,`ingestion_time` timestamp",
"extracolumns":"current_time,updated_time,id",
"extracolumnstype":"current_time timestamp,updated_time timestamp,id int",
"query_based_import":"",
"refresh_req_yn":"Y",
"incrementalkey":"",
"incrementalmode":"",
"incdependenttable":"",
"incdependenttablfk":"",
"fullload":"Y",
"columns":"REGEXP_REPLACE(MANDT,  '[^\u0020-\\u+007F]+', '') AS MANDT,REGEXP_REPLACE(ATINN,  '[^\u0020-\\u+007F]+', '') AS ATINN,REGEXP_REPLACE(ADZHL,  '[^\u0020-\\u+007F]+', '') AS ADZHL,REGEXP_REPLACE(ATNAM,  '[^\u0020-\\u+007F]+', '') AS ATNAM,REGEXP_REPLACE(ATIDN,  '[^\u0020-\\u+007F]+', '') AS ATIDN,REGEXP_REPLACE(ATFOR,  '[^\u0020-\\u+007F]+', '') AS ATFOR,ANZST,ANZDZ,REGEXP_REPLACE(ATVOR,  '[^\u0020-\\u+007F]+', '') AS ATVOR,REGEXP_REPLACE(ATSCH,  '[^\u0020-\\u+007F]+', '') AS ATSCH,REGEXP_REPLACE(ATKLE,  '[^\u0020-\\u+007F]+', '') AS ATKLE,REGEXP_REPLACE(ATKON,  '[^\u0020-\\u+007F]+', '') AS ATKON,REGEXP_REPLACE(ATEND,  '[^\u0020-\\u+007F]+', '') AS ATEND,REGEXP_REPLACE(ATAEN,  '[^\u0020-\\u+007F]+', '') AS ATAEN,REGEXP_REPLACE(ATKLA,  '[^\u0020-\\u+007F]+', '') AS ATKLA,REGEXP_REPLACE(ATERF,  '[^\u0020-\\u+007F]+', '') AS ATERF,REGEXP_REPLACE(ATEIN,  '[^\u0020-\\u+007F]+', '') AS ATEIN,REGEXP_REPLACE(ATAME,  '[^\u0020-\\u+007F]+', '') AS ATAME,REGEXP_REPLACE(ATWME,  '[^\u0020-\\u+007F]+', '') AS ATWME,REGEXP_REPLACE(MSEHI,  '[^\u0020-\\u+007F]+', '') AS MSEHI,ATDIM,REGEXP_REPLACE(ATGLO,  '[^\u0020-\\u+007F]+', '') AS ATGLO,REGEXP_REPLACE(ATGLA,  '[^\u0020-\\u+007F]+', '') AS ATGLA,REGEXP_REPLACE(ATINT,  '[^\u0020-\\u+007F]+', '') AS ATINT,REGEXP_REPLACE(ATUNS,  '[^\u0020-\\u+007F]+', '') AS ATUNS,REGEXP_REPLACE(ATSON,  '[^\u0020-\\u+007F]+', '') AS ATSON,REGEXP_REPLACE(ATTAB,  '[^\u0020-\\u+007F]+', '') AS ATTAB,REGEXP_REPLACE(ATFEL,  '[^\u0020-\\u+007F]+', '') AS ATFEL,REGEXP_REPLACE(ATTEI,  '[^\u0020-\\u+007F]+', '') AS ATTEI,REGEXP_REPLACE(ATPRT,  '[^\u0020-\\u+007F]+', '') AS ATPRT,REGEXP_REPLACE(ATPRR,  '[^\u0020-\\u+007F]+', '') AS ATPRR,REGEXP_REPLACE(ATPRF,  '[^\u0020-\\u+007F]+', '') AS ATPRF,REGEXP_REPLACE(ATWRD,  '[^\u0020-\\u+007F]+', '') AS ATWRD,REGEXP_REPLACE(ATFOD,  '[^\u0020-\\u+007F]+', '') AS ATFOD,REGEXP_REPLACE(ATHIE,  '[^\u0020-\\u+007F]+', '') AS ATHIE,REGEXP_REPLACE(ATDEX,  '[^\u0020-\\u+007F]+', '') AS ATDEX,REGEXP_REPLACE(ATFGA,  '[^\u0020-\\u+007F]+', '') AS ATFGA,REGEXP_REPLACE(ATVSC,  '[^\u0020-\\u+007F]+', '') AS ATVSC,REGEXP_REPLACE(ANAME,  '[^\u0020-\\u+007F]+', '') AS ANAME,REGEXP_REPLACE(ADATU,  '[^\u0020-\\u+007F]+', '') AS ADATU,REGEXP_REPLACE(VNAME,  '[^\u0020-\\u+007F]+', '') AS VNAME,REGEXP_REPLACE(VDATU,  '[^\u0020-\\u+007F]+', '') AS VDATU,REGEXP_REPLACE(ATXAC,  '[^\u0020-\\u+007F]+', '') AS ATXAC,REGEXP_REPLACE(ATYAC,  '[^\u0020-\\u+007F]+', '') AS ATYAC,REGEXP_REPLACE(ATMST,  '[^\u0020-\\u+007F]+', '') AS ATMST,REGEXP_REPLACE(ATWSO,  '[^\u0020-\\u+007F]+', '') AS ATWSO,REGEXP_REPLACE(ATBSO,  '[^\u0020-\\u+007F]+', '') AS ATBSO,REGEXP_REPLACE(DATUV,  '[^\u0020-\\u+007F]+', '') AS DATUV,REGEXP_REPLACE(TECHV,  '[^\u0020-\\u+007F]+', '') AS TECHV,REGEXP_REPLACE(AENNR,  '[^\u0020-\\u+007F]+', '') AS AENNR,REGEXP_REPLACE(LKENZ,  '[^\u0020-\\u+007F]+', '') AS LKENZ,REGEXP_REPLACE(ATWRI,  '[^\u0020-\\u+007F]+', '') AS ATWRI,REGEXP_REPLACE(DOKAR,  '[^\u0020-\\u+007F]+', '') AS DOKAR,REGEXP_REPLACE(DOKNR,  '[^\u0020-\\u+007F]+', '') AS DOKNR,REGEXP_REPLACE(DOKVR,  '[^\u0020-\\u+007F]+', '') AS DOKVR,REGEXP_REPLACE(DOKTL,  '[^\u0020-\\u+007F]+', '') AS DOKTL,REGEXP_REPLACE(KNOBJ,  '[^\u0020-\\u+007F]+', '') AS KNOBJ,REGEXP_REPLACE(ATINP,  '[^\u0020-\\u+007F]+', '') AS ATINP,REGEXP_REPLACE(ATVIE,  '[^\u0020-\\u+007F]+', '') AS ATVIE,REGEXP_REPLACE(WERKS,  '[^\u0020-\\u+007F]+', '') AS WERKS,REGEXP_REPLACE(KATALOGART,  '[^\u0020-\\u+007F]+', '') AS KATALOGART,REGEXP_REPLACE(AUSWAHLMGE,  '[^\u0020-\\u+007F]+', '') AS AUSWAHLMGE,REGEXP_REPLACE(ATHKA,  '[^\u0020-\\u+007F]+', '') AS ATHKA,REGEXP_REPLACE(ATHKO,  '[^\u0020-\\u+007F]+', '') AS ATHKO,REGEXP_REPLACE(CLINT,  '[^\u0020-\\u+007F]+', '') AS CLINT,REGEXP_REPLACE(ATTOL,  '[^\u0020-\\u+007F]+', '') AS ATTOL,REGEXP_REPLACE(ATZUS,  '[^\u0020-\\u+007F]+', '') AS ATZUS,REGEXP_REPLACE(ATVPL,  '[^\u0020-\\u+007F]+', '') AS ATVPL,REGEXP_REPLACE(ATAUTH,  '[^\u0020-\\u+007F]+', '') AS ATAUTH,REGEXP_REPLACE(COUNTRYGRP,  '[^\u0020-\\u+007F]+', '') AS COUNTRYGRP,ingestion_time"
},
{"table":"AFIH",
"teradatatable":"SAP_CA_STG_AFIH",
"stageTablename":"SAPHANA_BTB_NA_AFIH",
"splitbykey":"AUFNR",
"hivecolumns":"`MANDT` string,`AUFNR` string,`ARTPR` string,`PRIOK` string,`EQUNR` string,`BAUTL` string,`ILOAN` string,`ILOAI` string,`ANLZU` string,`IWERK` string,`INGPR` string,`APGRP` string,`PM_OBJTY` string,`GEWRK` string,`KUNUM` string,`ANING` string,`GAUZT` double,`GAUEH` string,`ANLBD` string,`ANLVD` string,`ANLBZ` string,`ANLVZ` string,`INSPK` string,`DATAN` string,`WARPL` string,`ABNUM` int,`WAPOS` string,`LAUFN` string,`OBKNR` int,`REVNR` string,`ADDAT` string,`ADUHR` string,`IPHAS` string,`ILART` string,`QMNUM` string,`HISDA` string,`AKKNZ` string,`PLKNZ` string,`SERIALNR` string,`SERMAT` string,`DEVICEID` string,`SCREENTY` string,`ADPSP` string,`RSUPG` string,`ISDFPSOBJNR` string,`ISDFPSMEQUI` string,`UII` string,`ingestion_time` timestamp",
"extracolumns":"current_time,updated_time,id",
"extracolumnstype":"current_time timestamp,updated_time timestamp,id int",
"query_based_import":"",
"refresh_req_yn":"Y",
"incrementalkey":"",
"incrementalmode":"",
"incdependenttable":"",
"incdependenttablfk":"",
"fullload":"Y",
"columns":"REGEXP_REPLACE(MANDT,  '[^\u0020-\\u+007F]+', '') AS MANDT,REGEXP_REPLACE(AUFNR,  '[^\u0020-\\u+007F]+', '') AS AUFNR,REGEXP_REPLACE(ARTPR,  '[^\u0020-\\u+007F]+', '') AS ARTPR,REGEXP_REPLACE(PRIOK,  '[^\u0020-\\u+007F]+', '') AS PRIOK,REGEXP_REPLACE(EQUNR,  '[^\u0020-\\u+007F]+', '') AS EQUNR,REGEXP_REPLACE(BAUTL,  '[^\u0020-\\u+007F]+', '') AS BAUTL,REGEXP_REPLACE(ILOAN,  '[^\u0020-\\u+007F]+', '') AS ILOAN,REGEXP_REPLACE(ILOAI,  '[^\u0020-\\u+007F]+', '') AS ILOAI,REGEXP_REPLACE(ANLZU,  '[^\u0020-\\u+007F]+', '') AS ANLZU,REGEXP_REPLACE(IWERK,  '[^\u0020-\\u+007F]+', '') AS IWERK,REGEXP_REPLACE(INGPR,  '[^\u0020-\\u+007F]+', '') AS INGPR,REGEXP_REPLACE(APGRP,  '[^\u0020-\\u+007F]+', '') AS APGRP,REGEXP_REPLACE(PM_OBJTY,  '[^\u0020-\\u+007F]+', '') AS PM_OBJTY,REGEXP_REPLACE(GEWRK,  '[^\u0020-\\u+007F]+', '') AS GEWRK,REGEXP_REPLACE(KUNUM,  '[^\u0020-\\u+007F]+', '') AS KUNUM,REGEXP_REPLACE(ANING,  '[^\u0020-\\u+007F]+', '') AS ANING,GAUZT,REGEXP_REPLACE(GAUEH,  '[^\u0020-\\u+007F]+', '') AS GAUEH,REGEXP_REPLACE(ANLBD,  '[^\u0020-\\u+007F]+', '') AS ANLBD,REGEXP_REPLACE(ANLVD,  '[^\u0020-\\u+007F]+', '') AS ANLVD,REGEXP_REPLACE(ANLBZ,  '[^\u0020-\\u+007F]+', '') AS ANLBZ,REGEXP_REPLACE(ANLVZ,  '[^\u0020-\\u+007F]+', '') AS ANLVZ,REGEXP_REPLACE(INSPK,  '[^\u0020-\\u+007F]+', '') AS INSPK,REGEXP_REPLACE(DATAN,  '[^\u0020-\\u+007F]+', '') AS DATAN,REGEXP_REPLACE(WARPL,  '[^\u0020-\\u+007F]+', '') AS WARPL,ABNUM,REGEXP_REPLACE(WAPOS,  '[^\u0020-\\u+007F]+', '') AS WAPOS,REGEXP_REPLACE(LAUFN,  '[^\u0020-\\u+007F]+', '') AS LAUFN,OBKNR,REGEXP_REPLACE(REVNR,  '[^\u0020-\\u+007F]+', '') AS REVNR,REGEXP_REPLACE(ADDAT,  '[^\u0020-\\u+007F]+', '') AS ADDAT,REGEXP_REPLACE(ADUHR,  '[^\u0020-\\u+007F]+', '') AS ADUHR,REGEXP_REPLACE(IPHAS,  '[^\u0020-\\u+007F]+', '') AS IPHAS,REGEXP_REPLACE(ILART,  '[^\u0020-\\u+007F]+', '') AS ILART,REGEXP_REPLACE(QMNUM,  '[^\u0020-\\u+007F]+', '') AS QMNUM,REGEXP_REPLACE(HISDA,  '[^\u0020-\\u+007F]+', '') AS HISDA,REGEXP_REPLACE(AKKNZ,  '[^\u0020-\\u+007F]+', '') AS AKKNZ,REGEXP_REPLACE(PLKNZ,  '[^\u0020-\\u+007F]+', '') AS PLKNZ,REGEXP_REPLACE(SERIALNR,  '[^\u0020-\\u+007F]+', '') AS SERIALNR,REGEXP_REPLACE(SERMAT,  '[^\u0020-\\u+007F]+', '') AS SERMAT,REGEXP_REPLACE(DEVICEID,  '[^\u0020-\\u+007F]+', '') AS DEVICEID,REGEXP_REPLACE(SCREENTY,  '[^\u0020-\\u+007F]+', '') AS SCREENTY,REGEXP_REPLACE(ADPSP,  '[^\u0020-\\u+007F]+', '') AS ADPSP,REGEXP_REPLACE(RSUPG,  '[^\u0020-\\u+007F]+', '') AS RSUPG,REGEXP_REPLACE(ISDFPSOBJNR,  '[^\u0020-\\u+007F]+', '') AS ISDFPSOBJNR,REGEXP_REPLACE(ISDFPSMEQUI,  '[^\u0020-\\u+007F]+', '') AS ISDFPSMEQUI,REGEXP_REPLACE(UII,  '[^\u0020-\\u+007F]+', '') AS UII,ingestion_time"
},
{"table":"T003P",
"teradatatable":"SAP_CA_STG_T003P",
"stageTablename":"SAPHANA_BTB_NA_T003P",
"splitbykey":"AUART",
"hivecolumns":"`CLIENT` string,`SPRAS` string,`AUART` string,`TXT` string",
"extracolumnstype":"current_time timestamp,updated_time timestamp,id int",
"query_based_import":"",
"refresh_req_yn":"Y",
"incrementalkey":"",
"incrementalmode":"",
"incdependenttable":"",
"incdependenttablfk":"",
"fullload":"Y",
"columns":"REGEXP_REPLACE(CLIENT,'[^\u0020-\\u+007F]+','') AS CLIENT,REGEXP_REPLACE(SPRAS,'[^\u0020-\\u+007F]+','') AS SPRAS,REGEXP_REPLACE(AUART,'[^\u0020-\\u+007F]+','') AS AUART,REGEXP_REPLACE(TXT,'[^\u0020-\\u+007F]+','') AS TXT"
},
{"table":"T024D",
"teradatatable":"SAP_CA_STG_T024D",
"stageTablename":"SAPHANA_BTB_NA_T024D",
"splitbykey":"DISPO",
"hivecolumns":"`MANDT` string,`WERKS` string,`DISPO` string,`DSNAM` string,`DSTEL` string,`EKGRP` string,`MEMPF` string,`GSBER` string,`PRCTR` string,`USRTYP` string,`USRKEY` string,`ingestion_time` timestamp",
"extracolumns":"current_time,updated_time,id",
"extracolumnstype":"current_time timestamp,updated_time timestamp,id int",
"query_based_import":"",
"refresh_req_yn":"Y",
"incrementalkey":"",
"incrementalmode":"",
"incdependenttable":"",
"incdependenttablfk":"",
"fullload":"Y",
"columns":"REGEXP_REPLACE(MANDT,  '[^\u0020-\\u+007F]+', '') AS MANDT,REGEXP_REPLACE(WERKS,  '[^\u0020-\\u+007F]+', '') AS WERKS,REGEXP_REPLACE(DISPO,  '[^\u0020-\\u+007F]+', '') AS DISPO,REGEXP_REPLACE(DSNAM,  '[^\u0020-\\u+007F]+', '') AS DSNAM,REGEXP_REPLACE(DSTEL,  '[^\u0020-\\u+007F]+', '') AS DSTEL,REGEXP_REPLACE(EKGRP,  '[^\u0020-\\u+007F]+', '') AS EKGRP,REGEXP_REPLACE(MEMPF,  '[^\u0020-\\u+007F]+', '') AS MEMPF,REGEXP_REPLACE(GSBER,  '[^\u0020-\\u+007F]+', '') AS GSBER,REGEXP_REPLACE(PRCTR,  '[^\u0020-\\u+007F]+', '') AS PRCTR,REGEXP_REPLACE(USRTYP,  '[^\u0020-\\u+007F]+', '') AS USRTYP,REGEXP_REPLACE(USRKEY,  '[^\u0020-\\u+007F]+', '') AS USRKEY,ingestion_time"
},
{
"table": "T006A",
"teradatatable":"SAP_CA_STG_T006A",
"stageTablename":"SAPHANA_BTB_NA_T006A",
"splitbykey": "MANDT",
"hivecolumns": "`MANDT` string,`SPRAS` string,`MSEHI` string,`MSEH3` string,`MSEH6` string,`MSEHT` string,`MSEHL` string,`ingestion_time` timestamp",
"extracolumns": "current_time,updated_time,id",
"extracolumnstype": "current_time timestamp,updated_time timestamp,id int",
"query_based_import": "",
"refresh_req_yn": "Y",
"fullload": "Y",
"columns":"REGEXP_REPLACE(MANDT,'[^\u0020-\\u+007F]+','') AS MANDT,REGEXP_REPLACE(SPRAS,'[^\u0020-\\u+007F]+','') AS SPRAS,REGEXP_REPLACE(MSEHI,'[^\u0020-\\u+007F]+','') AS MSEHI,REGEXP_REPLACE(MSEH3,'[^\u0020-\\u+007F]+','') AS MSEH3,REGEXP_REPLACE(MSEH6,'[^\u0020-\\u+007F]+','') AS MSEH6,REGEXP_REPLACE(MSEHT,'[^\u0020-\\u+007F]+','') AS MSEHT,REGEXP_REPLACE(MSEHL,'[^\u0020-\\u+007F]+','') AS MSEHL,ingestion_time"
},
{
"table": "T001",
"teradatatable":"SAP_CA_STG_T001",
"stageTablename":"SAPHANA_BTB_NA_T001",
"splitbykey": "BUKRS",
"hivecolumns": "`MANDT` string,`BUKRS` string,`BUTXT` string,`ORT01` string,`LAND1` string,`WAERS` string,`SPRAS` string,`KTOPL` string,`WAABW` string,`PERIV` string,`KOKFI` string,`RCOMP` string,`ADRNR` string,`STCEG` string,`FIKRS` string,`XFMCO` string,`XFMCB` string,`XFMCA` string,`TXJCD` string,`FMHRDATE` string,`BUVAR` string,`FDBUK` string,`XFDIS` string,`XVALV` string,`XSKFN` string,`KKBER` string,`XMWSN` string,`MREGL` string,`XGSBE` string,`XGJRV` string,`XKDFT` string,`XPROD` string,`XEINK` string,`XJVAA` string,`XVVWA` string,`XSLTA` string,`XFDMM` string,`XFDSD` string,`XEXTB` string,`EBUKR` string,`KTOP2` string,`UMKRS` string,`BUKRS_GLOB` string,`FSTVA` string,`OPVAR` string,`XCOVR` string,`TXKRS` string,`WFVAR` string,`XBBBF` string,`XBBBE` string,`XBBBA` string,`XBBKO` string,`XSTDT` string,`MWSKV` string,`MWSKA` string,`IMPDA` string,`XNEGP` string,`XKKBI` string,`WT_NEWWT` string,`PP_PDATE` string,`INFMT` string,`FSTVARE` string,`KOPIM` string,`DKWEG` string,`OFFSACCT` string,`BAPOVAR` string,`XCOS` string,`XCESSION` string,`XSPLT` string,`SURCCM` string,`DTPROV` string,`DTAMTC` string,`DTTAXC` string,`DTTDSP` string,`DTAXR` string,`XVATDATE` string,`PST_PER_VAR` string,`XBBSC` string,`FM_DERIVE_ACC` string,`ingestion_time` timestamp",
"extracolumns": "current_time,updated_time,id",
"extracolumnstype": "current_time timestamp,updated_time timestamp,id int",
"query_based_import": "",
"refresh_req_yn": "Y",
"fullload": "Y",
"columns":"REGEXP_REPLACE(MANDT,'[^\u0020-\\u+007F]+','') AS MANDT,REGEXP_REPLACE(BUKRS,'[^\u0020-\\u+007F]+','') AS BUKRS,REGEXP_REPLACE(BUTXT,'[^\u0020-\\u+007F]+','') AS BUTXT,REGEXP_REPLACE(ORT01,'[^\u0020-\\u+007F]+','') AS ORT01,REGEXP_REPLACE(LAND1,'[^\u0020-\\u+007F]+','') AS LAND1,REGEXP_REPLACE(WAERS,'[^\u0020-\\u+007F]+','') AS WAERS,REGEXP_REPLACE(SPRAS,'[^\u0020-\\u+007F]+','') AS SPRAS,REGEXP_REPLACE(KTOPL,'[^\u0020-\\u+007F]+','') AS KTOPL,WAABW,REGEXP_REPLACE(PERIV,'[^\u0020-\\u+007F]+','') AS PERIV,REGEXP_REPLACE(KOKFI,'[^\u0020-\\u+007F]+','') AS KOKFI,REGEXP_REPLACE(RCOMP,'[^\u0020-\\u+007F]+','') AS RCOMP,REGEXP_REPLACE(ADRNR,'[^\u0020-\\u+007F]+','') AS ADRNR,REGEXP_REPLACE(STCEG,'[^\u0020-\\u+007F]+','') AS STCEG,REGEXP_REPLACE(FIKRS,'[^\u0020-\\u+007F]+','') AS FIKRS,REGEXP_REPLACE(XFMCO,'[^\u0020-\\u+007F]+','') AS XFMCO,REGEXP_REPLACE(XFMCB,'[^\u0020-\\u+007F]+','') AS XFMCB,REGEXP_REPLACE(XFMCA,'[^\u0020-\\u+007F]+','') AS XFMCA,REGEXP_REPLACE(TXJCD,'[^\u0020-\\u+007F]+','') AS TXJCD,FMHRDATE,REGEXP_REPLACE(BUVAR,'[^\u0020-\\u+007F]+','') AS BUVAR,REGEXP_REPLACE(FDBUK,'[^\u0020-\\u+007F]+','') AS FDBUK,REGEXP_REPLACE(XFDIS,'[^\u0020-\\u+007F]+','') AS XFDIS,REGEXP_REPLACE(XVALV,'[^\u0020-\\u+007F]+','') AS XVALV,REGEXP_REPLACE(XSKFN,'[^\u0020-\\u+007F]+','') AS XSKFN,REGEXP_REPLACE(KKBER,'[^\u0020-\\u+007F]+','') AS KKBER,REGEXP_REPLACE(XMWSN,'[^\u0020-\\u+007F]+','') AS XMWSN,REGEXP_REPLACE(MREGL,'[^\u0020-\\u+007F]+','') AS MREGL,REGEXP_REPLACE(XGSBE,'[^\u0020-\\u+007F]+','') AS XGSBE,REGEXP_REPLACE(XGJRV,'[^\u0020-\\u+007F]+','') AS XGJRV,REGEXP_REPLACE(XKDFT,'[^\u0020-\\u+007F]+','') AS XKDFT,REGEXP_REPLACE(XPROD,'[^\u0020-\\u+007F]+','') AS XPROD,REGEXP_REPLACE(XEINK,'[^\u0020-\\u+007F]+','') AS XEINK,REGEXP_REPLACE(XJVAA,'[^\u0020-\\u+007F]+','') AS XJVAA,REGEXP_REPLACE(XVVWA,'[^\u0020-\\u+007F]+','') AS XVVWA,REGEXP_REPLACE(XSLTA,'[^\u0020-\\u+007F]+','') AS XSLTA,REGEXP_REPLACE(XFDMM,'[^\u0020-\\u+007F]+','') AS XFDMM,REGEXP_REPLACE(XFDSD,'[^\u0020-\\u+007F]+','') AS XFDSD,REGEXP_REPLACE(XEXTB,'[^\u0020-\\u+007F]+','') AS XEXTB,REGEXP_REPLACE(EBUKR,'[^\u0020-\\u+007F]+','') AS EBUKR,REGEXP_REPLACE(KTOP2,'[^\u0020-\\u+007F]+','') AS KTOP2,REGEXP_REPLACE(UMKRS,'[^\u0020-\\u+007F]+','') AS UMKRS,REGEXP_REPLACE(BUKRS_GLOB,'[^\u0020-\\u+007F]+','') AS BUKRS_GLOB,REGEXP_REPLACE(FSTVA,'[^\u0020-\\u+007F]+','') AS FSTVA,REGEXP_REPLACE(OPVAR,'[^\u0020-\\u+007F]+','') AS OPVAR,REGEXP_REPLACE(XCOVR,'[^\u0020-\\u+007F]+','') AS XCOVR,REGEXP_REPLACE(TXKRS,'[^\u0020-\\u+007F]+','') AS TXKRS,REGEXP_REPLACE(WFVAR,'[^\u0020-\\u+007F]+','') AS WFVAR,REGEXP_REPLACE(XBBBF,'[^\u0020-\\u+007F]+','') AS XBBBF,REGEXP_REPLACE(XBBBE,'[^\u0020-\\u+007F]+','') AS XBBBE,REGEXP_REPLACE(XBBBA,'[^\u0020-\\u+007F]+','') AS XBBBA,REGEXP_REPLACE(XBBKO,'[^\u0020-\\u+007F]+','') AS XBBKO,REGEXP_REPLACE(XSTDT,'[^\u0020-\\u+007F]+','') AS XSTDT,REGEXP_REPLACE(MWSKV,'[^\u0020-\\u+007F]+','') AS MWSKV,REGEXP_REPLACE(MWSKA,'[^\u0020-\\u+007F]+','') AS MWSKA,REGEXP_REPLACE(IMPDA,'[^\u0020-\\u+007F]+','') AS IMPDA,REGEXP_REPLACE(XNEGP,'[^\u0020-\\u+007F]+','') AS XNEGP,REGEXP_REPLACE(XKKBI,'[^\u0020-\\u+007F]+','') AS XKKBI,REGEXP_REPLACE(WT_NEWWT,'[^\u0020-\\u+007F]+','') AS WT_NEWWT,REGEXP_REPLACE(PP_PDATE,'[^\u0020-\\u+007F]+','') AS PP_PDATE,REGEXP_REPLACE(INFMT,'[^\u0020-\\u+007F]+','') AS INFMT,REGEXP_REPLACE(FSTVARE,'[^\u0020-\\u+007F]+','') AS FSTVARE,REGEXP_REPLACE(KOPIM,'[^\u0020-\\u+007F]+','') AS KOPIM,REGEXP_REPLACE(DKWEG,'[^\u0020-\\u+007F]+','') AS DKWEG,OFFSACCT,REGEXP_REPLACE(BAPOVAR,'[^\u0020-\\u+007F]+','') AS BAPOVAR,REGEXP_REPLACE(XCOS,'[^\u0020-\\u+007F]+','') AS XCOS,REGEXP_REPLACE(XCESSION,'[^\u0020-\\u+007F]+','') AS XCESSION,REGEXP_REPLACE(XSPLT,'[^\u0020-\\u+007F]+','') AS XSPLT,REGEXP_REPLACE(SURCCM,'[^\u0020-\\u+007F]+','') AS SURCCM,REGEXP_REPLACE(DTPROV,'[^\u0020-\\u+007F]+','') AS DTPROV,REGEXP_REPLACE(DTAMTC,'[^\u0020-\\u+007F]+','') AS DTAMTC,REGEXP_REPLACE(DTTAXC,'[^\u0020-\\u+007F]+','') AS DTTAXC,REGEXP_REPLACE(DTTDSP,'[^\u0020-\\u+007F]+','') AS DTTDSP,REGEXP_REPLACE(DTAXR,'[^\u0020-\\u+007F]+','') AS DTAXR,REGEXP_REPLACE(XVATDATE,'[^\u0020-\\u+007F]+','') AS XVATDATE,REGEXP_REPLACE(PST_PER_VAR,'[^\u0020-\\u+007F]+','') AS PST_PER_VAR,REGEXP_REPLACE(XBBSC,'[^\u0020-\\u+007F]+','') AS XBBSC,REGEXP_REPLACE(FM_DERIVE_ACC,'[^\u0020-\\u+007F]+','') AS FM_DERIVE_ACC,ingestion_time"
},
{
"table": "JEST",
"teradatatable": "SAP_CA_STG_JEST",
"stageTablename":"SAPHANA_BTB_NA_JEST",
"splitbykey": "OBJNR",
"hivecolumns": "`MANDT` string,`OBJNR` string,`STAT` string,`INACT` string,`CHGNR` string,`ingestion_time` timestamp",
"extracolumns": "current_time,updated_time,id",
"extracolumnstype": "current_time timestamp,updated_time timestamp,id int",
"query_based_import": "",
"refresh_req_yn": "",
"incrementalkey": "",
"incrementalmode": "",
"incdependenttable": "",
"incdependenttablfk": "",
"fullload": "Y",
"migrationkey": "OBJNR LIKE 'QL%' AND STAT = 'I0224'",
"migration": "Y",
"columns":"REGEXP_REPLACE( MANDT ,  '[^\u0020-\u007F]+', '') AS  MANDT,REGEXP_REPLACE( OBJNR ,  '[^\u0020-\u007F]+', '') AS  OBJNR,REGEXP_REPLACE( STAT ,  '[^\u0020-\u007F]+', '') AS  STAT,REGEXP_REPLACE( INACT ,  '[^\u0020-\u007F]+', '') AS  INACT,REGEXP_REPLACE( CHGNR ,  '[^\u0020-\u007F]+', '') AS  CHGNR,ingestion_time"
},
{
"table": "MARA",
"teradatatable": "SAP_CA_STG_MARA",
"stageTablename":"SAPHANA_BTB_NA_MARA",
"splitbykey": "MATNR",
"hivecolumns": "`mandt` string,`matnr` string,`ersda` string,`ernam` string,`laeda` string,`aenam` string,`vpsta` string,`pstat` string,`lvorm` string,`mtart` string,`mbrsh` string,`matkl` string,`bismt` string,`meins` string,`bstme` string,`zeinr` string,`zeiar` string,`zeivr` string,`zeifo` string,`aeszn` string,`blatt` string,`blanz` string,`ferth` string,`formt` string,`groes` string,`wrkst` string,`normt` string,`labor` string,`ekwsl` string,`brgew` double,`ntgew` double,`gewei` string,`volum` double,`voleh` string,`behvo` string,`raube` string,`tempb` string,`disst` string,`tragr` string,`stoff` string,`spart` string,`kunnr` string,`eannr` string,`wesch` double,`bwvor` string,`bwscl` string,`saiso` string,`etiar` string,`etifo` string,`entar` string,`ean11` string,`numtp` string,`laeng` double,`breit` double,`hoehe` double,`meabm` string,`prdha` string,`aeklk` string,`cadkz` string,`qmpur` string,`ergew` double,`ergei` string,`ervol` double,`ervoe` string,`gewto` double,`volto` double,`vabme` string,`kzrev` string,`kzkfg` string,`xchpf` string,`vhart` string,`fuelg` double,`stfak` smallint,`magrv` string,`begru` string,`datab` string,`liqdt` string,`saisj` string,`plgtp` string,`mlgut` string,`extwg` string,`satnr` string,`attyp` string,`kzkup` string,`kznfm` string,`pmata` string,`mstae` string,`mstav` string,`mstde` string,`mstdv` string,`taklv` string,`rbnrm` string,`mhdrz` double,`mhdhb` double,`mhdlp` double,`inhme` string,`inhal` double,`vpreh` double,`etiag` string,`inhbr` double,`cmeth` string,`cuobf` string,`kzumw` string,`kosch` string,`sprof` string,`nrfhg` string,`mfrpn` string,`mfrnr` string,`bmatn` string,`mprof` string,`kzwsm` string,`saity` string,`profl` string,`ihivi` string,`iloos` string,`serlv` string,`kzgvh` string,`xgchp` string,`kzeff` string,`compl` string,`iprkz` string,`rdmhd` string,`przus` string,`mtpos_mara` string,`bflme` string,`matfi` string,`cmrel` string,`bbtyp` string,`sled_bbd` string,`gtin_variant` string,`gennr` string,`rmatp` string,`gds_relevant` string,`weora` string,`hutyp_dflt` string,`pilferable` string,`whstc` string,`whmatgr` string,`hndlcode` string,`hazmat` string,`hutyp` string,`tare_var` string,`maxc` double,`maxc_tol` double,`maxl` double,`maxb` double,`maxh` double,`maxdim_uom` string,`herkl` string,`mfrgr` string,`qqtime` double,`qqtimeuom` string,`qgrp` string,`serial` string,`ps_smartform` string,`logunit` string,`cwqrel` string,`cwqproc` string,`cwqtolgr` string,`adprof` string,`ipmipproduct` string,`allow_pmat_igno` string,`medium` string,`commodity` string,`animal_origin` string,`textile_comp_ind` string,`sgt_csgr` string,`sgt_covsa` string,`sgt_stat` string,`sgt_scope` string,`sgt_rel` string,`anp` string,`fsh_mg_at1` string,`fsh_mg_at2` string,`fsh_mg_at3` string,`fsh_sealv` string,`fsh_seaim` string,`fsh_sc_mid` string,`bev1luleinh` string,`bev1luldegrp` string,`bev1nestruccat` string,`DSD_SL_TOLTYP` string,`dsdsv_cnt_grp` string,`dsdvc_group` string,`vsor_tilt_ind` string,`vsor_stack_ind` string,`vsor_bot_ind` string,`vsor_top_ind` string,`vsor_stack_no` string,`vsor_pal_ind` string,`vsor_pal_ovr_d` double,`vsor_pal_ovr_w` double,`vsor_pal_b_ht` double,`vsor_pal_min_h` double,`vsor_tol_b_ht` double,`vsor_no_p_gvh` string,`vsor_quan_unit` string,`vsor_kzgvh_ind` string,`packcode` string,`dg_pack_status` string,`mcond` string,`retdelc` string,`loglev_reto` string,`nsnid` string,`adspc_spc` string,`imatn` string,`picnum` string,`bstat` string,`color_atinn` string,`size1_atinn` string,`size2_atinn` string,`color` string,`size1` string,`size2` string,`free_char` string,`care_code` string,`brand_id` string,`fiber_code1` string,`fiber_part1` string,`fiber_code2` string,`fiber_part2` string,`fiber_code3` string,`fiber_part3` string,`fiber_code4` string,`fiber_part4` string,`fiber_code5` string,`fiber_part5` string,`fashgrd` string,`psm_code` string,`ish_agent1` string,`ish_ag1quant` double,`ish_ag1unit` string,`ish_agent2` string,`ish_ag2quant` double,`ish_ag2unit` string,`ish_agent3` string,`ish_ag3quant` double,`ish_ag3unit` string,`ish_kat1` string,`ish_kat2` string,`ish_kat3` string,`ish_btm` string,`ish_imp` string,`ish_gef` string,`ish_atc` string,`ish_geart` string,`ish_bilmod` string,`ish_addinfo` string,`zzp2_basecode` string,`zzp3_low_level` string,`zzminor_group` string,`zzdp_prod_grp` string,`zzprod_cat1` string,`zzprod_cat2` string,`zzkit_ind` string,`zzprod_segment` string,`zzcatnumber` string,`zzmatsub_type` string,`zzvariant` string,`zzsector` string,`zzmmsficlass` string,`zzmmstype` string,`zzmmssurgtype` string,`zzmmsprocess` string,`zzmmsterile` string,`zzmmsts` string,`zzwerks` string,`zzmmmrslc` string,`zzglobal_matcode` string,`zzupcroot` string,`zzsize` string,`zzsize_uom` string,`zzpallet_high` string,`zzpallet_tie` string,`zzconsumable_units` string,`zzaerosol` string,`zzmat_identifier` string,`zzpack_matcode` string,`zzpack_formcode` string,`zzmdev_class` string,`zzsec_prdgrp` string,`zzmes_class` string,`zzlegacy_indicat` string,`zzgbl_prodh1` string,`zzhaz_rating` string,`zzgbl_prodh2` string,`zzgbl_prodh3` string,`ingestion_time` timestamp",
"extracolumns": "current_time,updated_time,id",
"extracolumnstype": "current_time timestamp,updated_time timestamp,id int",
"query_based_import": "",
"refresh_req_yn": "",
"incrementalkey": "",
"incrementalmode": "",
"incdependenttable": "",
"incdependenttablfk": "",
"fullload": "Y",
"columns":"REGEXP_REPLACE(mandt, '[^\u0020-\u007F]+', '') AS mandt,REGEXP_REPLACE(matnr, '[^\u0020-\u007F]+', '') AS matnr,REGEXP_REPLACE(ersda, '[^\u0020-\u007F]+', '') AS ersda,REGEXP_REPLACE(ernam, '[^\u0020-\u007F]+', '') AS ernam,REGEXP_REPLACE(laeda, '[^\u0020-\u007F]+', '') AS laeda,REGEXP_REPLACE(aenam, '[^\u0020-\u007F]+', '') AS aenam,REGEXP_REPLACE(vpsta, '[^\u0020-\u007F]+', '') AS vpsta,REGEXP_REPLACE(pstat, '[^\u0020-\u007F]+', '') AS pstat,REGEXP_REPLACE(lvorm, '[^\u0020-\u007F]+', '') AS lvorm,REGEXP_REPLACE(mtart, '[^\u0020-\u007F]+', '') AS mtart,REGEXP_REPLACE(mbrsh, '[^\u0020-\u007F]+', '') AS mbrsh,REGEXP_REPLACE(matkl, '[^\u0020-\u007F]+', '') AS matkl,REGEXP_REPLACE(bismt, '[^\u0020-\u007F]+', '') AS bismt,REGEXP_REPLACE(meins, '[^\u0020-\u007F]+', '') AS meins,REGEXP_REPLACE(bstme, '[^\u0020-\u007F]+', '') AS bstme,REGEXP_REPLACE(zeinr, '[^\u0020-\u007F]+', '') AS zeinr,REGEXP_REPLACE(zeiar, '[^\u0020-\u007F]+', '') AS zeiar,REGEXP_REPLACE(zeivr, '[^\u0020-\u007F]+', '') AS zeivr,REGEXP_REPLACE(zeifo, '[^\u0020-\u007F]+', '') AS zeifo,REGEXP_REPLACE(aeszn, '[^\u0020-\u007F]+', '') AS aeszn,REGEXP_REPLACE(blatt, '[^\u0020-\u007F]+', '') AS blatt,REGEXP_REPLACE(blanz, '[^\u0020-\u007F]+', '') AS blanz,REGEXP_REPLACE(ferth, '[^\u0020-\u007F]+', '') AS ferth,REGEXP_REPLACE(formt, '[^\u0020-\u007F]+', '') AS formt,REGEXP_REPLACE(groes, '[^\u0020-\u007F]+', '') AS groes,REGEXP_REPLACE(wrkst, '[^\u0020-\u007F]+', '') AS wrkst,REGEXP_REPLACE(normt, '[^\u0020-\u007F]+', '') AS normt,REGEXP_REPLACE(labor, '[^\u0020-\u007F]+', '') AS labor,REGEXP_REPLACE(ekwsl, '[^\u0020-\u007F]+', '') AS ekwsl,REGEXP_REPLACE(brgew, '[^\u0020-\u007F]+', '') AS brgew,REGEXP_REPLACE(ntgew, '[^\u0020-\u007F]+', '') AS ntgew,REGEXP_REPLACE(gewei, '[^\u0020-\u007F]+', '') AS gewei,REGEXP_REPLACE(volum, '[^\u0020-\u007F]+', '') AS volum,REGEXP_REPLACE(voleh, '[^\u0020-\u007F]+', '') AS voleh,REGEXP_REPLACE(behvo, '[^\u0020-\u007F]+', '') AS behvo,REGEXP_REPLACE(raube, '[^\u0020-\u007F]+', '') AS raube,REGEXP_REPLACE(tempb, '[^\u0020-\u007F]+', '') AS tempb,REGEXP_REPLACE(disst, '[^\u0020-\u007F]+', '') AS disst,REGEXP_REPLACE(tragr, '[^\u0020-\u007F]+', '') AS tragr,REGEXP_REPLACE(stoff, '[^\u0020-\u007F]+', '') AS stoff,REGEXP_REPLACE(spart, '[^\u0020-\u007F]+', '') AS spart,REGEXP_REPLACE(kunnr, '[^\u0020-\u007F]+', '') AS kunnr,REGEXP_REPLACE(eannr, '[^\u0020-\u007F]+', '') AS eannr,REGEXP_REPLACE(wesch, '[^\u0020-\u007F]+', '') AS wesch,REGEXP_REPLACE(bwvor, '[^\u0020-\u007F]+', '') AS bwvor,REGEXP_REPLACE(bwscl, '[^\u0020-\u007F]+', '') AS bwscl,REGEXP_REPLACE(saiso, '[^\u0020-\u007F]+', '') AS saiso,REGEXP_REPLACE(etiar, '[^\u0020-\u007F]+', '') AS etiar,REGEXP_REPLACE(etifo, '[^\u0020-\u007F]+', '') AS etifo,REGEXP_REPLACE(entar, '[^\u0020-\u007F]+', '') AS entar,REGEXP_REPLACE(ean11, '[^\u0020-\u007F]+', '') AS ean11,REGEXP_REPLACE(numtp, '[^\u0020-\u007F]+', '') AS numtp,REGEXP_REPLACE(laeng, '[^\u0020-\u007F]+', '') AS laeng,REGEXP_REPLACE(breit, '[^\u0020-\u007F]+', '') AS breit,REGEXP_REPLACE(hoehe, '[^\u0020-\u007F]+', '') AS hoehe,REGEXP_REPLACE(meabm, '[^\u0020-\u007F]+', '') AS meabm,REGEXP_REPLACE(prdha, '[^\u0020-\u007F]+', '') AS prdha,REGEXP_REPLACE(aeklk, '[^\u0020-\u007F]+', '') AS aeklk,REGEXP_REPLACE(cadkz, '[^\u0020-\u007F]+', '') AS cadkz,REGEXP_REPLACE(qmpur, '[^\u0020-\u007F]+', '') AS qmpur,REGEXP_REPLACE(ergew, '[^\u0020-\u007F]+', '') AS ergew,REGEXP_REPLACE(ergei, '[^\u0020-\u007F]+', '') AS ergei,REGEXP_REPLACE(ervol, '[^\u0020-\u007F]+', '') AS ervol,REGEXP_REPLACE(ervoe, '[^\u0020-\u007F]+', '') AS ervoe,REGEXP_REPLACE(gewto, '[^\u0020-\u007F]+', '') AS gewto,REGEXP_REPLACE(volto, '[^\u0020-\u007F]+', '') AS volto,REGEXP_REPLACE(vabme, '[^\u0020-\u007F]+', '') AS vabme,REGEXP_REPLACE(kzrev, '[^\u0020-\u007F]+', '') AS kzrev,REGEXP_REPLACE(kzkfg, '[^\u0020-\u007F]+', '') AS kzkfg,REGEXP_REPLACE(xchpf, '[^\u0020-\u007F]+', '') AS xchpf,REGEXP_REPLACE(vhart, '[^\u0020-\u007F]+', '') AS vhart,REGEXP_REPLACE(fuelg, '[^\u0020-\u007F]+', '') AS fuelg,REGEXP_REPLACE(stfak, '[^\u0020-\u007F]+', '') AS stfak,REGEXP_REPLACE(magrv, '[^\u0020-\u007F]+', '') AS magrv,REGEXP_REPLACE(begru, '[^\u0020-\u007F]+', '') AS begru,REGEXP_REPLACE(datab, '[^\u0020-\u007F]+', '') AS datab,REGEXP_REPLACE(liqdt, '[^\u0020-\u007F]+', '') AS liqdt,REGEXP_REPLACE(saisj, '[^\u0020-\u007F]+', '') AS saisj,REGEXP_REPLACE(plgtp, '[^\u0020-\u007F]+', '') AS plgtp,REGEXP_REPLACE(mlgut, '[^\u0020-\u007F]+', '') AS mlgut,REGEXP_REPLACE(extwg, '[^\u0020-\u007F]+', '') AS extwg,REGEXP_REPLACE(satnr, '[^\u0020-\u007F]+', '') AS satnr,REGEXP_REPLACE(attyp, '[^\u0020-\u007F]+', '') AS attyp,REGEXP_REPLACE(kzkup, '[^\u0020-\u007F]+', '') AS kzkup,REGEXP_REPLACE(kznfm, '[^\u0020-\u007F]+', '') AS kznfm,REGEXP_REPLACE(pmata, '[^\u0020-\u007F]+', '') AS pmata,REGEXP_REPLACE(mstae, '[^\u0020-\u007F]+', '') AS mstae,REGEXP_REPLACE(mstav, '[^\u0020-\u007F]+', '') AS mstav,REGEXP_REPLACE(mstde, '[^\u0020-\u007F]+', '') AS mstde,REGEXP_REPLACE(mstdv, '[^\u0020-\u007F]+', '') AS mstdv,REGEXP_REPLACE(taklv, '[^\u0020-\u007F]+', '') AS taklv,REGEXP_REPLACE(rbnrm, '[^\u0020-\u007F]+', '') AS rbnrm,REGEXP_REPLACE(mhdrz, '[^\u0020-\u007F]+', '') AS mhdrz,REGEXP_REPLACE(mhdhb, '[^\u0020-\u007F]+', '') AS mhdhb,REGEXP_REPLACE(mhdlp, '[^\u0020-\u007F]+', '') AS mhdlp,REGEXP_REPLACE(inhme, '[^\u0020-\u007F]+', '') AS inhme,REGEXP_REPLACE(inhal, '[^\u0020-\u007F]+', '') AS inhal,REGEXP_REPLACE(vpreh, '[^\u0020-\u007F]+', '') AS vpreh,REGEXP_REPLACE(etiag, '[^\u0020-\u007F]+', '') AS etiag,REGEXP_REPLACE(inhbr, '[^\u0020-\u007F]+', '') AS inhbr,REGEXP_REPLACE(cmeth, '[^\u0020-\u007F]+', '') AS cmeth,REGEXP_REPLACE(cuobf, '[^\u0020-\u007F]+', '') AS cuobf,REGEXP_REPLACE(kzumw, '[^\u0020-\u007F]+', '') AS kzumw,REGEXP_REPLACE(kosch, '[^\u0020-\u007F]+', '') AS kosch,REGEXP_REPLACE(sprof, '[^\u0020-\u007F]+', '') AS sprof,REGEXP_REPLACE(nrfhg, '[^\u0020-\u007F]+', '') AS nrfhg,REGEXP_REPLACE(mfrpn, '[^\u0020-\u007F]+', '') AS mfrpn,REGEXP_REPLACE(mfrnr, '[^\u0020-\u007F]+', '') AS mfrnr,REGEXP_REPLACE(bmatn, '[^\u0020-\u007F]+', '') AS bmatn,REGEXP_REPLACE(mprof, '[^\u0020-\u007F]+', '') AS mprof,REGEXP_REPLACE(kzwsm, '[^\u0020-\u007F]+', '') AS kzwsm,REGEXP_REPLACE(saity, '[^\u0020-\u007F]+', '') AS saity,REGEXP_REPLACE(profl, '[^\u0020-\u007F]+', '') AS profl,REGEXP_REPLACE(ihivi, '[^\u0020-\u007F]+', '') AS ihivi,REGEXP_REPLACE(iloos, '[^\u0020-\u007F]+', '') AS iloos,REGEXP_REPLACE(serlv, '[^\u0020-\u007F]+', '') AS serlv,REGEXP_REPLACE(kzgvh, '[^\u0020-\u007F]+', '') AS kzgvh,REGEXP_REPLACE(xgchp, '[^\u0020-\u007F]+', '') AS xgchp,REGEXP_REPLACE(kzeff, '[^\u0020-\u007F]+', '') AS kzeff,REGEXP_REPLACE(compl, '[^\u0020-\u007F]+', '') AS compl,REGEXP_REPLACE(iprkz, '[^\u0020-\u007F]+', '') AS iprkz,REGEXP_REPLACE(rdmhd, '[^\u0020-\u007F]+', '') AS rdmhd,REGEXP_REPLACE(przus, '[^\u0020-\u007F]+', '') AS przus,REGEXP_REPLACE(mtpos_mara, '[^\u0020-\u007F]+', '') AS mtpos_mara,REGEXP_REPLACE(bflme, '[^\u0020-\u007F]+', '') AS bflme,REGEXP_REPLACE(matfi, '[^\u0020-\u007F]+', '') AS matfi,REGEXP_REPLACE(cmrel, '[^\u0020-\u007F]+', '') AS cmrel,REGEXP_REPLACE(bbtyp, '[^\u0020-\u007F]+', '') AS bbtyp,REGEXP_REPLACE(sled_bbd, '[^\u0020-\u007F]+', '') AS sled_bbd,REGEXP_REPLACE(gtin_variant, '[^\u0020-\u007F]+', '') AS gtin_variant,REGEXP_REPLACE(gennr, '[^\u0020-\u007F]+', '') AS gennr,REGEXP_REPLACE(rmatp, '[^\u0020-\u007F]+', '') AS rmatp,REGEXP_REPLACE(gds_relevant, '[^\u0020-\u007F]+', '') AS gds_relevant,REGEXP_REPLACE(weora, '[^\u0020-\u007F]+', '') AS weora,REGEXP_REPLACE(hutyp_dflt, '[^\u0020-\u007F]+', '') AS hutyp_dflt,REGEXP_REPLACE(pilferable, '[^\u0020-\u007F]+', '') AS pilferable,REGEXP_REPLACE(whstc, '[^\u0020-\u007F]+', '') AS whstc,REGEXP_REPLACE(whmatgr, '[^\u0020-\u007F]+', '') AS whmatgr,REGEXP_REPLACE(hndlcode, '[^\u0020-\u007F]+', '') AS hndlcode,REGEXP_REPLACE(hazmat, '[^\u0020-\u007F]+', '') AS hazmat,REGEXP_REPLACE(hutyp, '[^\u0020-\u007F]+', '') AS hutyp,REGEXP_REPLACE(tare_var, '[^\u0020-\u007F]+', '') AS tare_var,REGEXP_REPLACE(maxc, '[^\u0020-\u007F]+', '') AS maxc,REGEXP_REPLACE(maxc_tol, '[^\u0020-\u007F]+', '') AS maxc_tol,REGEXP_REPLACE(maxl, '[^\u0020-\u007F]+', '') AS maxl,REGEXP_REPLACE(maxb, '[^\u0020-\u007F]+', '') AS maxb,REGEXP_REPLACE(maxh, '[^\u0020-\u007F]+', '') AS maxh,REGEXP_REPLACE(maxdim_uom, '[^\u0020-\u007F]+', '') AS maxdim_uom,REGEXP_REPLACE(herkl, '[^\u0020-\u007F]+', '') AS herkl,REGEXP_REPLACE(mfrgr, '[^\u0020-\u007F]+', '') AS mfrgr,REGEXP_REPLACE(qqtime, '[^\u0020-\u007F]+', '') AS qqtime,REGEXP_REPLACE(qqtimeuom, '[^\u0020-\u007F]+', '') AS qqtimeuom,REGEXP_REPLACE(qgrp, '[^\u0020-\u007F]+', '') AS qgrp,REGEXP_REPLACE(serial, '[^\u0020-\u007F]+', '') AS serial,REGEXP_REPLACE(ps_smartform, '[^\u0020-\u007F]+', '') AS ps_smartform,REGEXP_REPLACE(logunit, '[^\u0020-\u007F]+', '') AS logunit,REGEXP_REPLACE(cwqrel, '[^\u0020-\u007F]+', '') AS cwqrel,REGEXP_REPLACE(cwqproc, '[^\u0020-\u007F]+', '') AS cwqproc,REGEXP_REPLACE(cwqtolgr, '[^\u0020-\u007F]+', '') AS cwqtolgr,REGEXP_REPLACE(adprof, '[^\u0020-\u007F]+', '') AS adprof,REGEXP_REPLACE(ipmipproduct, '[^\u0020-\u007F]+', '') AS ipmipproduct,REGEXP_REPLACE(allow_pmat_igno, '[^\u0020-\u007F]+', '') AS allow_pmat_igno,REGEXP_REPLACE(medium, '[^\u0020-\u007F]+', '') AS medium,REGEXP_REPLACE(commodity, '[^\u0020-\u007F]+', '') AS commodity,REGEXP_REPLACE(animal_origin, '[^\u0020-\u007F]+', '') AS animal_origin,REGEXP_REPLACE(textile_comp_ind, '[^\u0020-\u007F]+', '') AS textile_comp_ind,REGEXP_REPLACE(sgt_csgr, '[^\u0020-\u007F]+', '') AS sgt_csgr,REGEXP_REPLACE(sgt_covsa, '[^\u0020-\u007F]+', '') AS sgt_covsa,REGEXP_REPLACE(sgt_stat, '[^\u0020-\u007F]+', '') AS sgt_stat,REGEXP_REPLACE(sgt_scope, '[^\u0020-\u007F]+', '') AS sgt_scope,REGEXP_REPLACE(sgt_rel, '[^\u0020-\u007F]+', '') AS sgt_rel,REGEXP_REPLACE(anp, '[^\u0020-\u007F]+', '') AS anp,REGEXP_REPLACE(fsh_mg_at1, '[^\u0020-\u007F]+', '') AS fsh_mg_at1,REGEXP_REPLACE(fsh_mg_at2, '[^\u0020-\u007F]+', '') AS fsh_mg_at2,REGEXP_REPLACE(fsh_mg_at3, '[^\u0020-\u007F]+', '') AS fsh_mg_at3,REGEXP_REPLACE(fsh_sealv, '[^\u0020-\u007F]+', '') AS fsh_sealv,REGEXP_REPLACE(fsh_seaim, '[^\u0020-\u007F]+', '') AS fsh_seaim,REGEXP_REPLACE(fsh_sc_mid, '[^\u0020-\u007F]+', '') AS fsh_sc_mid,REGEXP_REPLACE(bev1luleinh, '[^\u0020-\u007F]+', '') AS bev1luleinh,REGEXP_REPLACE(bev1luldegrp, '[^\u0020-\u007F]+', '') AS bev1luldegrp,REGEXP_REPLACE(bev1nestruccat, '[^\u0020-\u007F]+', '') AS bev1nestruccat,REGEXP_REPLACE(dsdsl_toltyp, '[^\u0020-\u007F]+', '') AS dsdsl_toltyp,REGEXP_REPLACE(dsdsv_cnt_grp, '[^\u0020-\u007F]+', '') AS dsdsv_cnt_grp,REGEXP_REPLACE(dsdvc_group, '[^\u0020-\u007F]+', '') AS dsdvc_group,REGEXP_REPLACE(vsor_tilt_ind, '[^\u0020-\u007F]+', '') AS vsor_tilt_ind,REGEXP_REPLACE(vsor_stack_ind, '[^\u0020-\u007F]+', '') AS vsor_stack_ind,REGEXP_REPLACE(vsor_bot_ind, '[^\u0020-\u007F]+', '') AS vsor_bot_ind,REGEXP_REPLACE(vsor_top_ind, '[^\u0020-\u007F]+', '') AS vsor_top_ind,REGEXP_REPLACE(vsor_stack_no, '[^\u0020-\u007F]+', '') AS vsor_stack_no,REGEXP_REPLACE(vsor_pal_ind, '[^\u0020-\u007F]+', '') AS vsor_pal_ind,REGEXP_REPLACE(vsor_pal_ovr_d, '[^\u0020-\u007F]+', '') AS vsor_pal_ovr_d,REGEXP_REPLACE(vsor_pal_ovr_w, '[^\u0020-\u007F]+', '') AS vsor_pal_ovr_w,REGEXP_REPLACE(vsor_pal_b_ht, '[^\u0020-\u007F]+', '') AS vsor_pal_b_ht,REGEXP_REPLACE(vsor_pal_min_h, '[^\u0020-\u007F]+', '') AS vsor_pal_min_h,REGEXP_REPLACE(vsor_tol_b_ht, '[^\u0020-\u007F]+', '') AS vsor_tol_b_ht,REGEXP_REPLACE(vsor_no_p_gvh, '[^\u0020-\u007F]+', '') AS vsor_no_p_gvh,REGEXP_REPLACE(vsor_quan_unit, '[^\u0020-\u007F]+', '') AS vsor_quan_unit,REGEXP_REPLACE(vsor_kzgvh_ind, '[^\u0020-\u007F]+', '') AS vsor_kzgvh_ind,REGEXP_REPLACE(packcode, '[^\u0020-\u007F]+', '') AS packcode,REGEXP_REPLACE(dg_pack_status, '[^\u0020-\u007F]+', '') AS dg_pack_status,REGEXP_REPLACE(mcond, '[^\u0020-\u007F]+', '') AS mcond,REGEXP_REPLACE(retdelc, '[^\u0020-\u007F]+', '') AS retdelc,REGEXP_REPLACE(loglev_reto, '[^\u0020-\u007F]+', '') AS loglev_reto,REGEXP_REPLACE(nsnid, '[^\u0020-\u007F]+', '') AS nsnid,REGEXP_REPLACE(adspc_spc, '[^\u0020-\u007F]+', '') AS adspc_spc,REGEXP_REPLACE(imatn, '[^\u0020-\u007F]+', '') AS imatn,REGEXP_REPLACE(picnum, '[^\u0020-\u007F]+', '') AS picnum,REGEXP_REPLACE(bstat, '[^\u0020-\u007F]+', '') AS bstat,REGEXP_REPLACE(color_atinn, '[^\u0020-\u007F]+', '') AS color_atinn,REGEXP_REPLACE(size1_atinn, '[^\u0020-\u007F]+', '') AS size1_atinn,REGEXP_REPLACE(size2_atinn, '[^\u0020-\u007F]+', '') AS size2_atinn,REGEXP_REPLACE(color, '[^\u0020-\u007F]+', '') AS color,REGEXP_REPLACE(size1, '[^\u0020-\u007F]+', '') AS size1,REGEXP_REPLACE(size2, '[^\u0020-\u007F]+', '') AS size2,REGEXP_REPLACE(free_char, '[^\u0020-\u007F]+', '') AS free_char,REGEXP_REPLACE(care_code, '[^\u0020-\u007F]+', '') AS care_code,REGEXP_REPLACE(brand_id, '[^\u0020-\u007F]+', '') AS brand_id,REGEXP_REPLACE(fiber_code1, '[^\u0020-\u007F]+', '') AS fiber_code1,REGEXP_REPLACE(fiber_part1, '[^\u0020-\u007F]+', '') AS fiber_part1,REGEXP_REPLACE(fiber_code2, '[^\u0020-\u007F]+', '') AS fiber_code2,REGEXP_REPLACE(fiber_part2, '[^\u0020-\u007F]+', '') AS fiber_part2,REGEXP_REPLACE(fiber_code3, '[^\u0020-\u007F]+', '') AS fiber_code3,REGEXP_REPLACE(fiber_part3, '[^\u0020-\u007F]+', '') AS fiber_part3,REGEXP_REPLACE(fiber_code4, '[^\u0020-\u007F]+', '') AS fiber_code4,REGEXP_REPLACE(fiber_part4, '[^\u0020-\u007F]+', '') AS fiber_part4,REGEXP_REPLACE(fiber_code5, '[^\u0020-\u007F]+', '') AS fiber_code5,REGEXP_REPLACE(fiber_part5, '[^\u0020-\u007F]+', '') AS fiber_part5,REGEXP_REPLACE(fashgrd, '[^\u0020-\u007F]+', '') AS fashgrd,REGEXP_REPLACE(psm_code, '[^\u0020-\u007F]+', '') AS psm_code,REGEXP_REPLACE(ish_agent1, '[^\u0020-\u007F]+', '') AS ish_agent1,REGEXP_REPLACE(ish_ag1quant, '[^\u0020-\u007F]+', '') AS ish_ag1quant,REGEXP_REPLACE(ish_ag1unit, '[^\u0020-\u007F]+', '') AS ish_ag1unit,REGEXP_REPLACE(ish_agent2, '[^\u0020-\u007F]+', '') AS ish_agent2,REGEXP_REPLACE(ish_ag2quant, '[^\u0020-\u007F]+', '') AS ish_ag2quant,REGEXP_REPLACE(ish_ag2unit, '[^\u0020-\u007F]+', '') AS ish_ag2unit,REGEXP_REPLACE(ish_agent3, '[^\u0020-\u007F]+', '') AS ish_agent3,REGEXP_REPLACE(ish_ag3quant, '[^\u0020-\u007F]+', '') AS ish_ag3quant,REGEXP_REPLACE(ish_ag3unit, '[^\u0020-\u007F]+', '') AS ish_ag3unit,REGEXP_REPLACE(ish_kat1, '[^\u0020-\u007F]+', '') AS ish_kat1,REGEXP_REPLACE(ish_kat2, '[^\u0020-\u007F]+', '') AS ish_kat2,REGEXP_REPLACE(ish_kat3, '[^\u0020-\u007F]+', '') AS ish_kat3,REGEXP_REPLACE(ish_btm, '[^\u0020-\u007F]+', '') AS ish_btm,REGEXP_REPLACE(ish_imp, '[^\u0020-\u007F]+', '') AS ish_imp,REGEXP_REPLACE(ish_gef, '[^\u0020-\u007F]+', '') AS ish_gef,REGEXP_REPLACE(ish_atc, '[^\u0020-\u007F]+', '') AS ish_atc,REGEXP_REPLACE(ish_geart, '[^\u0020-\u007F]+', '') AS ish_geart,REGEXP_REPLACE(ish_bilmod, '[^\u0020-\u007F]+', '') AS ish_bilmod,REGEXP_REPLACE(ish_addinfo, '[^\u0020-\u007F]+', '') AS ish_addinfo,REGEXP_REPLACE(zzp2_basecode, '[^\u0020-\u007F]+', '') AS zzp2_basecode,REGEXP_REPLACE(zzp3_low_level, '[^\u0020-\u007F]+', '') AS zzp3_low_level,REGEXP_REPLACE(zzminor_group, '[^\u0020-\u007F]+', '') AS zzminor_group,REGEXP_REPLACE(zzdp_prod_grp, '[^\u0020-\u007F]+', '') AS zzdp_prod_grp,REGEXP_REPLACE(zzprod_cat1, '[^\u0020-\u007F]+', '') AS zzprod_cat1,REGEXP_REPLACE(zzprod_cat2, '[^\u0020-\u007F]+', '') AS zzprod_cat2,REGEXP_REPLACE(zzkit_ind, '[^\u0020-\u007F]+', '') AS zzkit_ind,REGEXP_REPLACE(zzprod_segment, '[^\u0020-\u007F]+', '') AS zzprod_segment,REGEXP_REPLACE(zzcatnumber, '[^\u0020-\u007F]+', '') AS zzcatnumber,REGEXP_REPLACE(zzmatsub_type, '[^\u0020-\u007F]+', '') AS zzmatsub_type,REGEXP_REPLACE(zzvariant, '[^\u0020-\u007F]+', '') AS zzvariant,REGEXP_REPLACE(zzsector, '[^\u0020-\u007F]+', '') AS zzsector,REGEXP_REPLACE(zzmmsficlass, '[^\u0020-\u007F]+', '') AS zzmmsficlass,REGEXP_REPLACE(zzmmstype, '[^\u0020-\u007F]+', '') AS zzmmstype,REGEXP_REPLACE(zzmmssurgtype, '[^\u0020-\u007F]+', '') AS zzmmssurgtype,REGEXP_REPLACE(zzmmsprocess, '[^\u0020-\u007F]+', '') AS zzmmsprocess,REGEXP_REPLACE(zzmmsterile, '[^\u0020-\u007F]+', '') AS zzmmsterile,REGEXP_REPLACE(zzmmsts, '[^\u0020-\u007F]+', '') AS zzmmsts,REGEXP_REPLACE(zzwerks, '[^\u0020-\u007F]+', '') AS zzwerks,REGEXP_REPLACE(zzmmmrslc, '[^\u0020-\u007F]+', '') AS zzmmmrslc,REGEXP_REPLACE(zzglobal_matcode, '[^\u0020-\u007F]+', '') AS zzglobal_matcode,REGEXP_REPLACE(zzupcroot, '[^\u0020-\u007F]+', '') AS zzupcroot,REGEXP_REPLACE(zzsize, '[^\u0020-\u007F]+', '') AS zzsize,REGEXP_REPLACE(zzsize_uom, '[^\u0020-\u007F]+', '') AS zzsize_uom,REGEXP_REPLACE(zzpallet_high, '[^\u0020-\u007F]+', '') AS zzpallet_high,REGEXP_REPLACE(zzpallet_tie, '[^\u0020-\u007F]+', '') AS zzpallet_tie,REGEXP_REPLACE(zzconsumable_units, '[^\u0020-\u007F]+', '') AS zzconsumable_units,REGEXP_REPLACE(zzaerosol, '[^\u0020-\u007F]+', '') AS zzaerosol,REGEXP_REPLACE(zzmat_identifier, '[^\u0020-\u007F]+', '') AS zzmat_identifier,REGEXP_REPLACE(zzpack_matcode, '[^\u0020-\u007F]+', '') AS zzpack_matcode,REGEXP_REPLACE(zzpack_formcode, '[^\u0020-\u007F]+', '') AS zzpack_formcode,REGEXP_REPLACE(zzmdev_class, '[^\u0020-\u007F]+', '') AS zzmdev_class,REGEXP_REPLACE(zzsec_prdgrp, '[^\u0020-\u007F]+', '') AS zzsec_prdgrp,REGEXP_REPLACE(zzmes_class, '[^\u0020-\u007F]+', '') AS zzmes_class,REGEXP_REPLACE(zzlegacy_indicat, '[^\u0020-\u007F]+', '') AS zzlegacy_indicat,REGEXP_REPLACE(zzgbl_prodh1, '[^\u0020-\u007F]+', '') AS zzgbl_prodh1,REGEXP_REPLACE(zzhaz_rating, '[^\u0020-\u007F]+', '') AS zzhaz_rating,REGEXP_REPLACE(zzgbl_prodh2, '[^\u0020-\u007F]+', '') AS zzgbl_prodh2,REGEXP_REPLACE(zzgbl_prodh3, '[^\u0020-\u007F]+', '') AS zzgbl_prodh3,ingestion_time"
}
]
}
