{
  "sourcedbconnection": "jdbc:oracle:thin:dbbeat/dbbeat@pqmsppkg.na.jnj.com:1522/pqmsp",
  "maillist": "DL-MNTUS-DataBeats-Support@ITS.JNJ.com,DL-JJCUS-GLOBAL-ANALYTICS-MEDICAL-DEVICES-SUPPLY-CHAIN@its.jnj.com",
  "sourcepassword": "Opp2tJ/XdQbQWX6Jia/ZQIKTNUg1If6Q24Ejtze+mRM=",
  "sourceusername": "dbbeat",
  "mapcount": "4",
  "hivewrkdb": "fda_wrk",
  "application": "PQMS",
  "hdfsbasefolder": "/prod/edl/sc/fda/str",
  "retrycount": "2",
  "keytab": "/data/data01/prod/edl/sc/fda/appcode/scripts/safdaep.keytab",
  "sourcedb": "oracle",
  "driver":"",
  "sourceschema": "dbbeat",
  "fromaddress": "Databeat@itsusraedlp11.jnj.com",
  "principal": "safdaep@NA.JNJ.COM",
  "hivemetadb": "fda_stg",
  "hivedb": "fda_stg",
  "loadfrequency": "Daily",
  "jobruntable": "DATABEAT_EDL_RUN_ID_CNTL",
  "batchloadtable": "DATABEAT_EDL_ETL_BTCH_ID_STAT",
  "srcrunstatustable": "src_run_status_table", 
  "hiveconnection": "jdbc:hive2://edlhiveprod.jnj.com:10000/fda_stg;principal=hive/edlhiveprod.jnj.com@NA.JNJ.COM",
  "hivebackupconnection":"jdbc:hive2://itsusraedlp03.jnj.com:10000/fda_stg;principal=hive/itsusraedlp03.jnj.com@NA.JNJ.COM",
  "logdirectory": "/data/data01/prod/edl/sc/fda/appcode/logs/",
  "hivebackupdb": "fda_arch",
  "backupdirectory": "/prod/edl/sc/fda/str/fda_arch/",
  "maxBackupDays": 2,
  "teradataurl": "jdbc:teradata://RATDPRD/Database=SCMAIN_S,CHARSET=UTF8,LOGMECH=LDAP",
  "teradatausername": "SA-JSC-SCMAIN2-ETL-P",
  "teradatapassword": "jJgmhoUVvz2eXTToTot9aPbd3YH+kBeYns1n/FwHXJ8=",
  "teradatajobruntable": "JSC_EDW_RUN_ID_CNTL",
  "environment": "PROD",
  "sourcetype":"teradata",
  "sourcesystemcode" : "9381",
  "tables": [
    {
      "table": "PQMS_IDM_EXT01",
      "teradatatable" :"PQMS_CONS_STG_IDM_EXT01",
      "splitbykey": "PQMS_TRACKING_NO",
      "hivecolumns": "`PQMS_TRACKING_NO` double,`JNJ_AWARENESS_DATE` timestamp,`DATE_ENTERED_IN_CRS` timestamp,`DATE_ENTERED_IN_PQMS` timestamp,`DAYS_OPEN` double,`TOTAL_CYCLE_TIME_GOAL` double,`REPORTER_COMPLAINT_DESCRIPTION` string,`OWNER` string,`OWNER_GROUP` string,`RCVD_BY` string,`COMPANY` string,`COUNTRY` string,`FILE_STATUS` string,`CLOSE_BY` string,`CLOSE_DT` timestamp,`REOPEN` string,`REOPEN_BY` string,`REOPEN_DT` timestamp,`FILE_STATUS_ESIG` string,`CONTACT_CENTER_NO` string,`NON_JNJ_AFFILIATE_REF_NO` string,`ASSOCIATED_CRS_FILE` string,`GENERAL_NOTES` string,`FMLY_LVL1` string,`FMLY_LVL1_CODE` string,`FMLY_LVL2` string,`FMLY_LVL2_CODE` string,`FMLY_LVL3` string,`FMLY_LVL3_CODE` string,`FAMILY` string,`FAMILY_CODE` string,`ORIG_FAMILY` string,`ORIG_FAMILY_CODE` string,`PRODUCT` string,`PRODUCT_CODE` string,`ORIG_PRODUCT` string,`ORIG_PRODUCT_CODE` string,`REG_CLASS` string,`SAME_SIMILAR_PRODUCT` string,`SAME_SIMILAR_REG_CLASS` string,`UPC_NO` string,`MARKET_STATUS` string,`LOT_CONTROL_NO` string,`QUANTITY_INVOLVED` double,`MANUFACTURER` string,`PACKAGER` string,`PACKAGER_MO` string,`PACKAGER_YR` double,`MFG_DT` timestamp,`EXPIRATION_DATE` timestamp,`CATEGORIES` string,`CAT_LVL1_DESC` string,`CAT_LVL2_DESC` string,`CAT_LVL3_DESC` string,`DETERMINANT_CATEGORY` string,`DESC_SUPPORTING_CATEGORY` string,`ROOT_CAUSE` string,`QTY_INVLD` double,`SERIOUSNESS` string,`DISPOSITION` string,`NON_CONFORMANCE_REF_NO` string,`CAPA_REF_NO` string,`TRENDING_EXCLUSION` string,`STATE_PROVINCE` string,`ZIP_POSTAL_CD` string,`CONTACT_COUNTRY` string,`COMMENT_TITLE` string,`COMMENT_TEXT` string,`CONCLUSION` string,`SAMPLE_RCVD_DATE` timestamp,`FIELD_SAMPLE_VERIFICATION` string,`FIELD_ANALYSIS_DESCRIPTION` string,`FIELD_ANALYSIS_RESULTS` string,`SAMPLE_ANALYSIS_DESCRIPTION` string,`SAMPLE_ANALYSIS_RESULTS` string,`REGION_CD` string,`RPT_MF_IND` string,`CONS_VERB_IND` string,`PROD_UNIQ_SEQ_NO` double,`CAT_UNIQ_SEQ_NO` double",
      "extracolumns": "current_time,updated_time,id",
      "extracolumnstype": "current_time timestamp,updated_time timestamp,id int",
      "query_based_import": "Y",
      "columns": "PQMS_TRACKING_NO,JNJ_AWARENESS_DATE,DATE_ENTERED_IN_CRS,DATE_ENTERED_IN_PQMS,DAYS_OPEN,TOTAL_CYCLE_TIME_GOAL,dbms_lob.substr(REPORTER_COMPLAINT_DESCRIPTION, 1000, 1 ) AS REPORTER_COMPLAINT_DESCRIPTION,OWNER,OWNER_GROUP,RCVD_BY,COMPANY,COUNTRY,FILE_STATUS,CLOSE_BY,CLOSE_DT,REOPEN,REOPEN_BY,REOPEN_DT,FILE_STATUS_ESIG,CONTACT_CENTER_NO,NON_JNJ_AFFILIATE_REF_NO,ASSOCIATED_CRS_FILE,dbms_lob.substr(GENERAL_NOTES, 1000, 1 ) AS GENERAL_NOTES,FMLY_LVL1,FMLY_LVL1_CODE,FMLY_LVL2,FMLY_LVL2_CODE,FMLY_LVL3,FMLY_LVL3_CODE,FAMILY,FAMILY_CODE,ORIG_FAMILY,ORIG_FAMILY_CODE,PRODUCT,PRODUCT_CODE,ORIG_PRODUCT,ORIG_PRODUCT_CODE,REG_CLASS,SAME_SIMILAR_PRODUCT,SAME_SIMILAR_REG_CLASS,UPC_NO,MARKET_STATUS,LOT_CONTROL_NO,QUANTITY_INVOLVED,MANUFACTURER,PACKAGER,PACKAGER_MO,PACKAGER_YR,MFG_DT,EXPIRATION_DATE,CATEGORIES,CAT_LVL1_DESC,CAT_LVL2_DESC,CAT_LVL3_DESC,DETERMINANT_CATEGORY,DESC_SUPPORTING_CATEGORY,ROOT_CAUSE,QTY_INVLD,SERIOUSNESS,DISPOSITION,NON_CONFORMANCE_REF_NO,CAPA_REF_NO,TRENDING_EXCLUSION,STATE_PROVINCE,ZIP_POSTAL_CD,CONTACT_COUNTRY,COMMENT_TITLE,COMMENT_TEXT,CONCLUSION,SAMPLE_RCVD_DATE,FIELD_SAMPLE_VERIFICATION,FIELD_ANALYSIS_DESCRIPTION,dbms_lob.substr(FIELD_ANALYSIS_RESULTS, 1000, 1 ) AS FIELD_ANALYSIS_RESULTS,SAMPLE_ANALYSIS_DESCRIPTION,dbms_lob.substr(SAMPLE_ANALYSIS_RESULTS, 1000, 1 ) AS SAMPLE_ANALYSIS_RESULTS,REGION_CD,RPT_MF_IND,CONS_VERB_IND,PROD_UNIQ_SEQ_NO,CAT_UNIQ_SEQ_NO",
      "sourcecolumns": "PQMS_TRACKING_NO,JNJ_AWARENESS_DATE,DATE_ENTERED_IN_CRS,DATE_ENTERED_IN_PQMS,DAYS_OPEN,TOTAL_CYCLE_TIME_GOAL,REGEXP_REPLACE(REGEXP_REPLACE(REPORTER_COMPLAINT_DESCRIPTION,  '[^\u0020-\\u+007F]+', ''), '[^\u+2060-\\u+2069]+' ,'') AS REPORTER_COMPLAINT_DESCRIPTION,REGEXP_REPLACE(OWNER,  '[^\u0020-\\u+007F]+', '') AS OWNER,REGEXP_REPLACE(OWNER_GROUP,  '[^\u0020-\\u+007F]+', '') AS OWNER_GROUP,REGEXP_REPLACE(RCVD_BY,  '[^\u0020-\\u+007F]+', '') AS RCVD_BY,REGEXP_REPLACE(COMPANY,  '[^\u0020-\\u+007F]+', '') AS COMPANY,REGEXP_REPLACE(COUNTRY,  '[^\u0020-\\u+007F]+', '') AS COUNTRY,REGEXP_REPLACE(FILE_STATUS,  '[^\u0020-\\u+007F]+', '') AS FILE_STATUS,REGEXP_REPLACE(CLOSE_BY,  '[^\u0020-\\u+007F]+', '') AS CLOSE_BY,CLOSE_DT,REGEXP_REPLACE(REOPEN,  '[^\u0020-\\u+007F]+', '') AS REOPEN,REGEXP_REPLACE(REOPEN_BY,  '[^\u0020-\\u+007F]+', '') AS REOPEN_BY,REOPEN_DT,REGEXP_REPLACE(FILE_STATUS_ESIG,  '[^\u0020-\\u+007F]+', '') AS FILE_STATUS_ESIG,REGEXP_REPLACE(CONTACT_CENTER_NO,  '[^\u0020-\\u+007F]+', '') AS CONTACT_CENTER_NO,REGEXP_REPLACE(NON_JNJ_AFFILIATE_REF_NO,  '[^\u0020-\\u+007F]+', '') AS NON_JNJ_AFFILIATE_REF_NO,REGEXP_REPLACE(ASSOCIATED_CRS_FILE,  '[^\u0020-\\u+007F]+', '') AS ASSOCIATED_CRS_FILE,REGEXP_REPLACE(GENERAL_NOTES,  '[^\u0020-\\u+007F]+', '') AS GENERAL_NOTES,REGEXP_REPLACE(FMLY_LVL1,  '[^\u0020-\\u+007F]+', '') AS FMLY_LVL1,REGEXP_REPLACE(FMLY_LVL1_CODE,  '[^\u0020-\\u+007F]+', '') AS FMLY_LVL1_CODE,REGEXP_REPLACE(FMLY_LVL2,  '[^\u0020-\\u+007F]+', '') AS FMLY_LVL2,REGEXP_REPLACE(FMLY_LVL2_CODE,  '[^\u0020-\\u+007F]+', '') AS FMLY_LVL2_CODE,REGEXP_REPLACE(FMLY_LVL3,  '[^\u0020-\\u+007F]+', '') AS FMLY_LVL3,REGEXP_REPLACE(FMLY_LVL3_CODE,  '[^\u0020-\\u+007F]+', '') AS FMLY_LVL3_CODE,REGEXP_REPLACE(FAMILY,  '[^\u0020-\\u+007F]+', '') AS FAMILY,REGEXP_REPLACE(FAMILY_CODE,  '[^\u0020-\\u+007F]+', '') AS FAMILY_CODE,REGEXP_REPLACE(ORIG_FAMILY,  '[^\u0020-\\u+007F]+', '') AS ORIG_FAMILY,REGEXP_REPLACE(ORIG_FAMILY_CODE,  '[^\u0020-\\u+007F]+', '') AS ORIG_FAMILY_CODE,REGEXP_REPLACE(PRODUCT,  '[^\u0020-\\u+007F]+', '') AS PRODUCT,REGEXP_REPLACE(PRODUCT_CODE,  '[^\u0020-\\u+007F]+', '') AS PRODUCT_CODE,REGEXP_REPLACE(ORIG_PRODUCT,  '[^\u0020-\\u+007F]+', '') AS ORIG_PRODUCT,REGEXP_REPLACE(ORIG_PRODUCT_CODE,  '[^\u0020-\\u+007F]+', '') AS ORIG_PRODUCT_CODE,REGEXP_REPLACE(REG_CLASS,  '[^\u0020-\\u+007F]+', '') AS REG_CLASS,REGEXP_REPLACE(SAME_SIMILAR_PRODUCT,  '[^\u0020-\\u+007F]+', '') AS SAME_SIMILAR_PRODUCT,REGEXP_REPLACE(SAME_SIMILAR_REG_CLASS,  '[^\u0020-\\u+007F]+', '') AS SAME_SIMILAR_REG_CLASS,REGEXP_REPLACE(UPC_NO,  '[^\u0020-\\u+007F]+', '') AS UPC_NO,REGEXP_REPLACE(MARKET_STATUS,  '[^\u0020-\\u+007F]+', '') AS MARKET_STATUS,REGEXP_REPLACE(LOT_CONTROL_NO,  '[^\u0020-\\u+007F]+', '') AS LOT_CONTROL_NO,QUANTITY_INVOLVED,REGEXP_REPLACE(MANUFACTURER,  '[^\u0020-\\u+007F]+', '') AS MANUFACTURER,REGEXP_REPLACE(PACKAGER,  '[^\u0020-\\u+007F]+', '') AS PACKAGER,REGEXP_REPLACE(PACKAGER_MO,  '[^\u0020-\\u+007F]+', '') AS PACKAGER_MO,PACKAGER_YR,MFG_DT,EXPIRATION_DATE,REGEXP_REPLACE(CATEGORIES,  '[^\u0020-\\u+007F]+', '') AS CATEGORIES,REGEXP_REPLACE(CAT_LVL1_DESC,  '[^\u0020-\\u+007F]+', '') AS CAT_LVL1_DESC,REGEXP_REPLACE(CAT_LVL2_DESC,  '[^\u0020-\\u+007F]+', '') AS CAT_LVL2_DESC,REGEXP_REPLACE(CAT_LVL3_DESC,  '[^\u0020-\\u+007F]+', '') AS CAT_LVL3_DESC,REGEXP_REPLACE(DETERMINANT_CATEGORY,  '[^\u0020-\\u+007F]+', '') AS DETERMINANT_CATEGORY,REGEXP_REPLACE(DESC_SUPPORTING_CATEGORY,  '[^\u0020-\\u+007F]+', '') AS DESC_SUPPORTING_CATEGORY,REGEXP_REPLACE(ROOT_CAUSE,  '[^\u0020-\\u+007F]+', '') AS ROOT_CAUSE,QTY_INVLD,REGEXP_REPLACE(SERIOUSNESS,  '[^\u0020-\\u+007F]+', '') AS SERIOUSNESS,REGEXP_REPLACE(DISPOSITION,  '[^\u0020-\\u+007F]+', '') AS DISPOSITION,REGEXP_REPLACE(NON_CONFORMANCE_REF_NO,  '[^\u0020-\\u+007F]+', '') AS NON_CONFORMANCE_REF_NO,REGEXP_REPLACE(CAPA_REF_NO,  '[^\u0020-\\u+007F]+', '') AS CAPA_REF_NO,REGEXP_REPLACE(TRENDING_EXCLUSION,  '[^\u0020-\\u+007F]+', '') AS TRENDING_EXCLUSION,REGEXP_REPLACE(STATE_PROVINCE,  '[^\u0020-\\u+007F]+', '') AS STATE_PROVINCE,REGEXP_REPLACE(ZIP_POSTAL_CD,  '[^\u0020-\\u+007F]+', '') AS ZIP_POSTAL_CD,REGEXP_REPLACE(CONTACT_COUNTRY,  '[^\u0020-\\u+007F]+', '') AS CONTACT_COUNTRY,REGEXP_REPLACE(COMMENT_TITLE,  '[^\u0020-\\u+007F]+', '') AS COMMENT_TITLE,REGEXP_REPLACE(COMMENT_TEXT,  '[^\u0020-\\u+007F]+', '') AS COMMENT_TEXT,REGEXP_REPLACE(CONCLUSION,  '[^\u0020-\\u+007F]+', '') AS CONCLUSION,SAMPLE_RCVD_DATE,REGEXP_REPLACE(FIELD_SAMPLE_VERIFICATION,  '[^\u0020-\\u+007F]+', '') AS FIELD_SAMPLE_VERIFICATION,REGEXP_REPLACE(FIELD_ANALYSIS_DESCRIPTION,  '[^\u0020-\\u+007F]+', '') AS FIELD_ANALYSIS_DESCRIPTION,REGEXP_REPLACE(FIELD_ANALYSIS_RESULTS,  '[^\u0020-\\u+007F]+', '') AS FIELD_ANALYSIS_RESULTS,REGEXP_REPLACE(SAMPLE_ANALYSIS_DESCRIPTION,  '[^\u0020-\\u+007F]+', '') AS SAMPLE_ANALYSIS_DESCRIPTION,REGEXP_REPLACE(SAMPLE_ANALYSIS_RESULTS,  '[^\u0020-\\u+007F]+', '') AS SAMPLE_ANALYSIS_RESULTS,REGEXP_REPLACE(REGION_CD,  '[^\u0020-\\u+007F]+', '') AS REGION_CD,REGEXP_REPLACE(RPT_MF_IND,  '[^\u0020-\\u+007F]+', '') AS RPT_MF_IND,REGEXP_REPLACE(CONS_VERB_IND,  '[^\u0020-\\u+007F]+', '') AS CONS_VERB_IND,PROD_UNIQ_SEQ_NO,CAT_UNIQ_SEQ_NO",
      "incrementalkey": "",
      "incrementalmode": "",
      "fullload": "Y",
      "incdependenttable": "" ,
      "incdependenttablfk":""
    }
  ]
}
