{
  "sourcedbconnection": "jdbc:sqlserver://omriljeerppd02:1433;database=new1",
  "maillist": "DL-MNTUS-DataBeats-Support@ITS.JNJ.com,DL-JJCUS-GLOBAL-ANALYTICS-MEDICAL-DEVICES-SUPPLY-CHAIN@its.jnj.com",
  "sourcepassword": "ZMK61+w00BmKQ0t1R7VDKt6dYyQbCBzNcLmuSMj+6fA=",
  "sourceusername": "databeat",
  "mapcount": "4",
  "hivewrkdb": "fda_wrk",
  "application": "ERP",
  "hdfsbasefolder": "/prod/edl/sc/fda/str",
  "retrycount": "2",
  "keytab": "/data/data01/prod/edl/sc/fda/appcode/scripts/safdaep.keytab",
  "sourcedb": "sqlserver",
  "sourceschema": "dbo",
  "fromaddress": "Databeat@itsusraedlp11.jnj.com",
  "principal": "safdaep@NA.JNJ.COM",
  "hivedb": "fda_stg",
  "hivemetadb": "fda_stg",
  "loadfrequency": "Daily",
  "jobruntable": "DATABEAT_EDL_RUN_ID_CNTL",
  "batchloadtable": "DATABEAT_EDL_ETL_BTCH_ID_STAT",
  "srcrunstatustable": "src_run_status_table", 
  "hiveconnection": "jdbc:hive2://edlhiveprod.jnj.com:10000/fda_stg;principal=hive/edlhiveprod.jnj.com@NA.JNJ.COM",
  "hivebackupconnection":"jdbc:hive2://itsusraedlp03.jnj.com:10000/fda_stg;principal=hive/itsusraedlp03.jnj.com@NA.JNJ.COM",
  "logdirectory": "/data/data01/prod/edl/sc/fda/appcode/logs/",
  "hivebackupdb": "fda_arch",
  "backupdirectory": "/prod/edl/sc/fda/str/fda_arch",
  "maxBackupDays": 2,
  "teradataurl": "jdbc:teradata://RATDPRD/Database=SCMAIN_S,CHARSET=UTF8,LOGMECH=LDAP",
  "teradatausername": "SA-JSC-SCMAIN2-ETL-P",
  "teradatapassword": "jJgmhoUVvz2eXTToTot9aPbd3YH+kBeYns1n/FwHXJ8=",
  "teradatajobruntable": "JSC_EDW_RUN_ID_CNTL",
  "environment": "PROD",
  "sourcetype":"teradata",
  "sourcesystemcode" : "9441",
  "tables": [
    {
      "table": "SERIAL",
      "teradatatable": "OM_PRTY_STG_SERIAL",
      "splitbykey": "SERIAL",
      "primarykey": "SERIAL",
      "hivecolumns": "`SERIAL` int,`SERIALNAME` string,`SERIALDES` string,`PSDATE` int,`PART` int,`CLOSED` string,`PEDATE` int,`QUANT` int,`REV` int,`ORDI` int,`SUPNO` string,`EXPIRYDATE` int,`CURDATE` int,`AUTOOPEN` string,`RELEASEDATE` int,`RELEASE` string,`ENDDATE` int,`BUDGET` int,`EXPDCOUNTER` int,`KITFLAG` string,`CLOSEDATE` int,`PRODSERIAL` int,`EXTFILEFLAG` string,`REWORKFLAG` string,`ORD` int,`ATCUST` int,`STARTDATE` int,`KEEPONFLOOR` string,`PACK` int,`COST` float,`SECONDCOST` float,`CURRENCY` int,`COSTFLAG` string,`ISSUEWARHS` int,`NOTFORCOST` string,`SBALANCE` int,`SUP` int,`IGNOREREL` string,`BUILDBYRECEIPT` string,`IGNOREFORPLAN` string,`ORIGCOST` float,`ORIGSECONDCOST` float,`FULLTREE` string,`T$USER` int,`UDATE` int,`TOPASSEMBLYFLAG` string,`CONVERTED` string,`MRPUSED` string,`KITTED` string,`OMR_TODDATE` int,`OMR_FROMDDATE` int,`OMR_SUPPART` int,`OMR_MNFDES` string,`OMR_PLASQUANT` int,`OMR_MANPLASMA` string,`OMR_OUTPUT` int,`OMR_STDCOSTNIS` float,`OMR_STDCOSTUSD` float,`OMR_TRANS` int,`OMR_DONATEC` int,`OMR_PLASQUANTR` float,`OMR_FORDELIVERY` string,`ELI_EVENT` int,`ELI_UNIFIEDNUM` int,`ELI_PCR5` string,`ELI_REJECT` string,`ELI_DEFECTEDUNIT` string,`ELI_200SCAN` string,`TLP_TOBEREJECT` string,`ELI_PISSUE` string,`ELI_EXPISSUE` string,`ELI_BATCHNO` string,`QUALITYRANK` int,`DATECODE` string,`ELI_DONOR` int,`TULP_SERIALBALALLOC` int,`TULP_QUANT` int,`TULP_QUANTBS` int,`TULP_REMARK` string,`TULP_SELECT` string,`TULP_SECFORM` string,`TULP_ORD` int,`TULP_QUANTCNG` int,`TULP_SELECTCNG` string,`TULP_QTYTOCHANGET` int,`TULP_QTYTOCHANGE` int,`TULP_UPSERIAL` int,`TULP_SERIALNAME` string,`TULP_REMARKCNG` string,`TULP_QUANTADD` int,`TULP_QUANTBSADD` int,`TULP_REMARKADD` string,`TULP_SELECTADD` string,`ELI_TESTINGVERIF` string,`ELI_PRIORITY` int,`ELI_NCR` string,`ELI_BATCHRS` string,`ELI_BATCHRSDATE` int,`ELI_BATCHRSUSER` int,`ELI_QCDATADECISION` string,`ELI_QCDDDATE` int,`TULP_OMPSERIAL` int,`ELI_QUALTEXBARCODE` string",
      "extracolumns": "current_time,updated_time,id",
      "extracolumnstype": "current_time timestamp,updated_time timestamp,id int",
      "query_based_import": "Y",
      "columns": "`SERIAL`,REGEXP_REPLACE(`SERIALNAME`,  '[^\u0020-\\u+007F]+', '') AS `SERIALNAME`,REGEXP_REPLACE(`SERIALDES`,  '[^\u0020-\\u+007F]+', '') AS `SERIALDES`,`PSDATE`,`PART`,`CLOSED`,`PEDATE`,`QUANT`,`REV`,`ORDI`,`SUPNO`,`EXPIRYDATE`,`CURDATE`,`AUTOOPEN`,`RELEASEDATE`,`RELEASE`,`ENDDATE`,`BUDGET`,`EXPDCOUNTER`,`KITFLAG`,`CLOSEDATE`,`PRODSERIAL`,`EXTFILEFLAG`,`REWORKFLAG`,`ORD`,`ATCUST`,`STARTDATE`,`KEEPONFLOOR`,`PACK`,`COST`,`SECONDCOST`,`CURRENCY`,`COSTFLAG`,`ISSUEWARHS`,`NOTFORCOST`,`SBALANCE`,`SUP`,`IGNOREREL`,`BUILDBYRECEIPT`,`IGNOREFORPLAN`,`ORIGCOST`,`ORIGSECONDCOST`,`FULLTREE`,`T$USER`,`UDATE`,`TOPASSEMBLYFLAG`,`CONVERTED`,`MRPUSED`,`KITTED`,`OMR_TODDATE`,`OMR_FROMDDATE`,`OMR_SUPPART`,`OMR_MNFDES`,`OMR_PLASQUANT`,`OMR_MANPLASMA`,`OMR_OUTPUT`,`OMR_STDCOSTNIS`,`OMR_STDCOSTUSD`,`OMR_TRANS`,`OMR_DONATEC`,`OMR_PLASQUANTR`,`OMR_FORDELIVERY`,`ELI_EVENT`,`ELI_UNIFIEDNUM`,`ELI_PCR5`,`ELI_REJECT`,`ELI_DEFECTEDUNIT`,`ELI_200SCAN`,`TLP_TOBEREJECT`,`ELI_PISSUE`,`ELI_EXPISSUE`,`ELI_BATCHNO`,`QUALITYRANK`,`DATECODE`,`ELI_DONOR`,`TULP_SERIALBALALLOC`,`TULP_QUANT`,`TULP_QUANTBS`,`TULP_REMARK`,`TULP_SELECT`,`TULP_SECFORM`,`TULP_ORD`,`TULP_QUANTCNG`,`TULP_SELECTCNG`,`TULP_QTYTOCHANGET`,`TULP_QTYTOCHANGE`,`TULP_UPSERIAL`,`TULP_SERIALNAME`,`TULP_REMARKCNG`,`TULP_QUANTADD`,`TULP_QUANTBSADD`,`TULP_REMARKADD`,`TULP_SELECTADD`,`ELI_TESTINGVERIF`,`ELI_PRIORITY`,`ELI_NCR`,`ELI_BATCHRS`,`ELI_BATCHRSDATE`,`ELI_BATCHRSUSER`,`ELI_QCDATADECISION`,`ELI_QCDDDATE`,`TULP_OMPSERIAL`,`ELI_QUALTEXBARCODE`",
      "sqoopcolumns": "SERIAL,SERIALNAME,SERIALDES,PSDATE,PART,CLOSED,PEDATE,QUANT,REV,ORDI,SUPNO,EXPIRYDATE,CURDATE,AUTOOPEN,RELEASEDATE,RELEASE,ENDDATE,BUDGET,EXPDCOUNTER,KITFLAG,CLOSEDATE,PRODSERIAL,EXTFILEFLAG,REWORKFLAG,ORD,ATCUST,STARTDATE,KEEPONFLOOR,PACK,COST,SECONDCOST,CURRENCY,COSTFLAG,ISSUEWARHS,NOTFORCOST,SBALANCE,SUP,IGNOREREL,BUILDBYRECEIPT,IGNOREFORPLAN,ORIGCOST,ORIGSECONDCOST,FULLTREE,T\\$USER,UDATE,TOPASSEMBLYFLAG,CONVERTED,MRPUSED,KITTED,OMR_TODDATE,OMR_FROMDDATE,OMR_SUPPART,OMR_MNFDES,OMR_PLASQUANT,OMR_MANPLASMA,OMR_OUTPUT,OMR_STDCOSTNIS,OMR_STDCOSTUSD,OMR_TRANS,OMR_DONATEC,OMR_PLASQUANTR,OMR_FORDELIVERY,ELI_EVENT,ELI_UNIFIEDNUM,ELI_PCR5,ELI_REJECT,ELI_DEFECTEDUNIT,ELI_200SCAN,TLP_TOBEREJECT,ELI_PISSUE,ELI_EXPISSUE,ELI_BATCHNO,QUALITYRANK,DATECODE,ELI_DONOR,TULP_SERIALBALALLOC,TULP_QUANT,TULP_QUANTBS,TULP_REMARK,TULP_SELECT,TULP_SECFORM,TULP_ORD,TULP_QUANTCNG,TULP_SELECTCNG,TULP_QTYTOCHANGET,TULP_QTYTOCHANGE,TULP_UPSERIAL,TULP_SERIALNAME,TULP_REMARKCNG,TULP_QUANTADD,TULP_QUANTBSADD,TULP_REMARKADD,TULP_SELECTADD,ELI_TESTINGVERIF,ELI_PRIORITY,ELI_NCR,ELI_BATCHRS,ELI_BATCHRSDATE,ELI_BATCHRSUSER,ELI_QCDATADECISION,ELI_QCDDDATE,TULP_OMPSERIAL,ELI_QUALTEXBARCODE",
      "fullload": "Y"
    },
    {
      "table": "SUPPART",
      "teradatatable": "OM_PRTY_STG_SUPPART",
      "splitbykey": "SUP",
      "primarykey": "SUP",
      "hivecolumns": "`SUP` int,`PART` int,`SUPPARTNAME` string,`PRIVTYPE` string,`MINQUANT` int,`PRIORITY` int,`SUPPARTDES` string,`SUPPART` int,`SUPFLAG` string,`TUNIT` int,`MNF` int,`DUTYPERCENT` float,`DUTYPERCENT1` float,`DUTYPERCENT2` float,`DUTYPERCENTTYPE` string,`KLINE` int,`VALIDFLAG` string,`OMR_MININV` int",
      "extracolumns": "current_time,updated_time,id",
      "extracolumnstype": "current_time timestamp,updated_time timestamp,id int",
      "query_based_import": "Y",
      "columns": "`SUP`,`PART`,`SUPPARTNAME`,`PRIVTYPE`,`MINQUANT`,`PRIORITY`,`SUPPARTDES`,`SUPPART`,`SUPFLAG`,`TUNIT`,`MNF`,`DUTYPERCENT`,`DUTYPERCENT1`,`DUTYPERCENT2`,`DUTYPERCENTTYPE`,`KLINE`,`VALIDFLAG`,`OMR_MININV`",
      "sqoopcolumns": "SUP,PART,SUPPARTNAME,PRIVTYPE,MINQUANT,PRIORITY,SUPPARTDES,SUPPART,SUPFLAG,TUNIT,MNF,DUTYPERCENT,DUTYPERCENT1,DUTYPERCENT2,DUTYPERCENTTYPE,KLINE,VALIDFLAG,OMR_MININV",
      "fullload": "Y"
    },
    {
      "table": "PART",
      "teradatatable": "OM_PRTY_STG_PART",
      "splitbykey": "PARTNAME",
      "primarykey": "PARTNAME",
      "hivecolumns": "`PARTNAME` string,`PART` int,`TYPE` string,`T$PROC` int,`PARTDES` string,`UNIT` int,`UPD` string,`LEADTIME` int,`STATUS` string,`FATQUANT` float,`PRICE` float,`LASTPRICE` float,`COST` float,`REV` int,`PRIVTYPE` string,`PATTERN` int,`SERNPATTERN` int,`PUNIT` int,`CONV` float,`AVGDATE` int,`KITFLAG` string,`DOLLAR` float,`TAKEFLAG` string,`WTYPE` string,`PREFERRED` string,`EXCESS` string,`PARTPARAM` int,`PDES` int,`COSTDATE` int,`MPART` int,`AUTOSERIAL` string,`SIZEBAR` int,`CURRENCY` int,`SCRAP` float,`SECONDCOST` float,`SECONDPRICE` float,`COSTQUANT` float,`ACTUALCOSTTYPE` string,`SERNFLAG` string,`FAMILY` int,`CURDATE` int,`LASTCURRENCY` int,`LASTCOSTFLAG` string,`REVFLAG` string,`PRICEFLAG` string,`FOBPRICE` float,`FOBCURRENCY` int,`PURPRICE` float,`T$USER` int,`UDATE` int,`BARCODE` string,`MAXREPAIRPRICE` float,`REPAIRCURRENCY` int,`OMR_GRADE` int,`OMR_ABC` int,`OMR_COUNTRY` int,`OMR_PLASMA` int,`OMR_YIELD` string,`OMR_CONCENT` float,`OMR_SIZE` float,`OMR_SAMPQUANT` int,`OMR_FULLQUANT` string,`UNSPSC` int,`OMR_QUAL` int,`MOLDPART` int,`RBALANCE` float,`PARTTYPE` int,`PARTSTAT` int,`OWNER` int,`EXTFILEFLAG` string,`LOCFLAG` string,`PRICEPOLICY` string,`OMR_FORDPLAN` string,`ELI_LEADPRODUCT` string,`ELI_LEADMATERIAL` string,`ELI_LOAD` string,`TURNKEY` string,`SHOWINWEB` string,`PALLETTYPE` int,`SUPERPHARM` int,`NOTFIXEDCONV` string,`LOTBYVENDOR` string,`MINPRICE` float,`STORAGETYPE` int,`PIKORDER` int,`CREATEDDATE` int,`ILOTBYVENDOR` string,`PICKBYPACKS` string,`ELI_CLASS` int,`ELI_QUALIFIED` string,`ELI_GTIN1` string,`TULP_CATEG` int,`TULP_SUBNAME` string,`TUL_NSFLAG` string,`ELI_GTIN2` string,`ELI_MDNDNUMBER` string,`WMSSERVFLAG` string,`DCMONTHS` int,`MINEXPDAYS` int,`OMR_CER` int,`OMR_EQUIPMENT` string,`ELI_FACILITY` int,`COMPANY` int,`COLORPART` int,`CALCSTDCOST` string,`TULP_PALLOCATED` int,`TULP_PARTBAL` int,`TULP_EXPM0NTH` int,`TULP_POOL` string,`ELI_MINTOBEISSUED` int,`ELI_TEST` int,`ELI_STDCOST` float,`ELI_ICONDUCT` string,`TULP_ETHICONCODE` string,`ELI_DEFINITION` int,`ELI_ELIMSIPCGRP` int,`ELI_YGROUP` int,`ELI_VI` string,`ELI_ELIMSWAGRP` int,`ELI_TYPEID` int,`TULP_PACKTYPE` int,`TULP_LABDAYSFLAG` string,`TULP_LEADALLOC` int,`TULP_HSALLOC` int",
      "extracolumns": "current_time,updated_time,id",
      "extracolumnstype": "current_time timestamp,updated_time timestamp,id int",
      "query_based_import": "Y",
      "columns": "`PARTNAME`,`PART`,`TYPE`,`T$PROC`,`PARTDES`,`UNIT`,`UPD`,`LEADTIME`,`STATUS`,`FATQUANT`,`PRICE`,`LASTPRICE`,`COST`,`REV`,`PRIVTYPE`,`PATTERN`,`SERNPATTERN`,`PUNIT`,`CONV`,`AVGDATE`,`KITFLAG`,`DOLLAR`,`TAKEFLAG`,`WTYPE`,`PREFERRED`,`EXCESS`,`PARTPARAM`,`PDES`,`COSTDATE`,`MPART`,`AUTOSERIAL`,`SIZEBAR`,`CURRENCY`,`SCRAP`,`SECONDCOST`,`SECONDPRICE`,`COSTQUANT`,`ACTUALCOSTTYPE`,`SERNFLAG`,`FAMILY`,`CURDATE`,`LASTCURRENCY`,`LASTCOSTFLAG`,`REVFLAG`,`PRICEFLAG`,`FOBPRICE`,`FOBCURRENCY`,`PURPRICE`,`T$USER`,`UDATE`,`BARCODE`,`MAXREPAIRPRICE`,`REPAIRCURRENCY`,`OMR_GRADE`,`OMR_ABC`,`OMR_COUNTRY`,`OMR_PLASMA`,`OMR_YIELD`,`OMR_CONCENT`,`OMR_SIZE`,`OMR_SAMPQUANT`,`OMR_FULLQUANT`,`UNSPSC`,`OMR_QUAL`,`MOLDPART`,`RBALANCE`,`PARTTYPE`,`PARTSTAT`,`OWNER`,`EXTFILEFLAG`,`LOCFLAG`,`PRICEPOLICY`,`OMR_FORDPLAN`,`ELI_LEADPRODUCT`,`ELI_LEADMATERIAL`,`ELI_LOAD`,`TURNKEY`,`SHOWINWEB`,`PALLETTYPE`,`SUPERPHARM`,`NOTFIXEDCONV`,`LOTBYVENDOR`,`MINPRICE`,`STORAGETYPE`,`PIKORDER`,`CREATEDDATE`,`ILOTBYVENDOR`,`PICKBYPACKS`,`ELI_CLASS`,`ELI_QUALIFIED`,`ELI_GTIN1`,`TULP_CATEG`,`TULP_SUBNAME`,`TUL_NSFLAG`,`ELI_GTIN2`,`ELI_MDNDNUMBER`,`WMSSERVFLAG`,`DCMONTHS`,`MINEXPDAYS`,`OMR_CER`,`OMR_EQUIPMENT`,`ELI_FACILITY`,`COMPANY`,`COLORPART`,`CALCSTDCOST`,`TULP_PALLOCATED`,`TULP_PARTBAL`,`TULP_EXPM0NTH`,`TULP_POOL`,`ELI_MINTOBEISSUED`,`ELI_TEST`,`ELI_STDCOST`,`ELI_ICONDUCT`,`TULP_ETHICONCODE`,`ELI_DEFINITION`,`ELI_ELIMSIPCGRP`,`ELI_YGROUP`,`ELI_VI`,`ELI_ELIMSWAGRP`,`ELI_TYPEID`,`TULP_PACKTYPE`,`TULP_LABDAYSFLAG`,`TULP_LEADALLOC`,`TULP_HSALLOC`",
      "sqoopcolumns": "PARTNAME,PART,TYPE,T\\$PROC,PARTDES,UNIT,UPD,LEADTIME,STATUS,FATQUANT,PRICE,LASTPRICE,COST,REV,PRIVTYPE,PATTERN,SERNPATTERN,PUNIT,CONV,AVGDATE,KITFLAG,DOLLAR,TAKEFLAG,WTYPE,PREFERRED,EXCESS,PARTPARAM,PDES,COSTDATE,MPART,AUTOSERIAL,SIZEBAR,CURRENCY,SCRAP,SECONDCOST,SECONDPRICE,COSTQUANT,ACTUALCOSTTYPE,SERNFLAG,FAMILY,CURDATE,LASTCURRENCY,LASTCOSTFLAG,REVFLAG,PRICEFLAG,FOBPRICE,FOBCURRENCY,PURPRICE,T\\$USER,UDATE,BARCODE,MAXREPAIRPRICE,REPAIRCURRENCY,OMR_GRADE,OMR_ABC,OMR_COUNTRY,OMR_PLASMA,OMR_YIELD,OMR_CONCENT,OMR_SIZE,OMR_SAMPQUANT,OMR_FULLQUANT,UNSPSC,OMR_QUAL,MOLDPART,RBALANCE,PARTTYPE,PARTSTAT,OWNER,EXTFILEFLAG,LOCFLAG,PRICEPOLICY,OMR_FORDPLAN,ELI_LEADPRODUCT,ELI_LEADMATERIAL,ELI_LOAD,TURNKEY,SHOWINWEB,PALLETTYPE,SUPERPHARM,NOTFIXEDCONV,LOTBYVENDOR,MINPRICE,STORAGETYPE,PIKORDER,CREATEDDATE,ILOTBYVENDOR,PICKBYPACKS,ELI_CLASS,ELI_QUALIFIED,ELI_GTIN1,TULP_CATEG,TULP_SUBNAME,TUL_NSFLAG,ELI_GTIN2,ELI_MDNDNUMBER,WMSSERVFLAG,DCMONTHS,MINEXPDAYS,OMR_CER,OMR_EQUIPMENT,ELI_FACILITY,COMPANY,COLORPART,CALCSTDCOST,TULP_PALLOCATED,TULP_PARTBAL,TULP_EXPM0NTH,TULP_POOL,ELI_MINTOBEISSUED,ELI_TEST,ELI_STDCOST,ELI_ICONDUCT,TULP_ETHICONCODE,ELI_DEFINITION,ELI_ELIMSIPCGRP,ELI_YGROUP,ELI_VI,ELI_ELIMSWAGRP,ELI_TYPEID,TULP_PACKTYPE,TULP_LABDAYSFLAG,TULP_LEADALLOC,TULP_HSALLOC",
      "incrementalkey": "",
      "incrementalmode": "",
      "incdependenttable": "",
      "incdependenttablefk": "",
      "fullload": "Y"
    },
    {
      "table": "WARHSBAL",
      "teradatatable": "OM_PRTY_STG_WARHSBAL",
      "splitbykey": "WARHS",
      "primarykey": "WARHS",
      "hivecolumns": "`WARHS` int,`BALANCE` int,`PART` int,`CUST` int,`LASTDATE` int,`SERIAL` int,`ACT` int,`ELI_WEIGHINGEXP` int,`TULP_SELECT` string,`TULP_QUANT` int,`TULP_REMARK` string,`TULP_ALLOCATED` int,`TULP_QUANTBS` int,`TULP_ORD` int,`TULP_SERIALBAL` int,`TULP_SERIALBALALLOC` int,`TULP_QTYTOCHANGE` int,`TULP_QTYTOCHANGET` int,`TULP_SELECTCNG` string,`TULP_QUANTCNG` int,`TULP_SECFORM` string,`TULP_SECFORMCNG` string,`TULP_UPSERIAL` int,`TULP_SERIALNAME` string,`TULP_REMARKCNG` string,`TULP_QUANTADD` int,`TULP_QUANTBSADD` int,`TULP_REMARKADD` string,`TULP_SELECTADD` string,`TULP_DLVBAL` int",
      "extracolumns": "current_time,updated_time,id",
      "extracolumnstype": "current_time timestamp,updated_time timestamp,id int",
      "query_based_import": "Y",
      "columns": "`WARHS`,`BALANCE`,`PART`,`CUST`,`LASTDATE`,`SERIAL`,`ACT`,`ELI_WEIGHINGEXP`,`TULP_SELECT`,`TULP_QUANT`,`TULP_REMARK`,`TULP_ALLOCATED`,`TULP_QUANTBS`,`TULP_ORD`,`TULP_SERIALBAL`,`TULP_SERIALBALALLOC`,`TULP_QTYTOCHANGE`,`TULP_QTYTOCHANGET`,`TULP_SELECTCNG`,`TULP_QUANTCNG`,`TULP_SECFORM`,`TULP_SECFORMCNG`,`TULP_UPSERIAL`,`TULP_SERIALNAME`,`TULP_REMARKCNG`,`TULP_QUANTADD`,`TULP_QUANTBSADD`,`TULP_REMARKADD`,`TULP_SELECTADD`,`TULP_DLVBAL`",
      "sqoopcolumns": "WARHS,BALANCE,PART,CUST,LASTDATE,SERIAL,ACT,ELI_WEIGHINGEXP,TULP_SELECT,TULP_QUANT,TULP_REMARK,TULP_ALLOCATED,TULP_QUANTBS,TULP_ORD,TULP_SERIALBAL,TULP_SERIALBALALLOC,TULP_QTYTOCHANGE,TULP_QTYTOCHANGET,TULP_SELECTCNG,TULP_QUANTCNG,TULP_SECFORM,TULP_SECFORMCNG,TULP_UPSERIAL,TULP_SERIALNAME,TULP_REMARKCNG,TULP_QUANTADD,TULP_QUANTBSADD,TULP_REMARKADD,TULP_SELECTADD,TULP_DLVBAL",
      "fullload": "Y"
    },
    {
      "table": "PARTARC",
      "teradatatable": "OM_PRTY_STG_PARTARC",
      "splitbykey": "PART",
      "primarykey": "PART",
      "hivecolumns": "`PART` int,`SON` int,`ACT` int,`VAR` int,`OP` string,`COEF` float,`SONACT` int,`SCRAP` float,`SONQUANT` float,`ISSUEONLY` string,`FROMDATE` int,`TILLDATE` int,`RVFROMDATE` int,`RVTILLDATE` int,`INFOONLY` string,`OMR_MINQUANT` float,`OMR_MAXQUANT` float,`OMR_CONST` int,`SONPARTREV` int,`TALO_WHWEIGHT` string,`TALO_CALCQTY` string,`TALO_QTYPINPACK` int,`ELI_BAGQUANT` float,`ELI_BAGMINQUANT` float,`ELI_BAGMAXQUANT` float,`ELI_FIXEDQNT` string,`ELI_PRODUCTION` string,`ELI_WSSTEP` string,`TULP_BLENDING` int",
      "extracolumns": "current_time,updated_time,id",
      "extracolumnstype": "current_time timestamp,updated_time timestamp,id int",
      "query_based_import": "Y",
      "columns": "`PART`,`SON`,`ACT`,`VAR`,`OP`,`COEF`,`SONACT`,`SCRAP`,`SONQUANT`,`ISSUEONLY`,`FROMDATE`,`TILLDATE`,`RVFROMDATE`,`RVTILLDATE`,`INFOONLY`,`OMR_MINQUANT`,`OMR_MAXQUANT`,`OMR_CONST`,`SONPARTREV`,`TALO_WHWEIGHT`,`TALO_CALCQTY`,`TALO_QTYPINPACK`,`ELI_BAGQUANT`,`ELI_BAGMINQUANT`,`ELI_BAGMAXQUANT`,`ELI_FIXEDQNT`,`ELI_PRODUCTION`,`ELI_WSSTEP`,`TULP_BLENDING`",
      "sqoopcolumns": "PART,SON,ACT,VAR,OP,COEF,SONACT,SCRAP,SONQUANT,ISSUEONLY,FROMDATE,TILLDATE,RVFROMDATE,RVTILLDATE,INFOONLY,OMR_MINQUANT,OMR_MAXQUANT,OMR_CONST,SONPARTREV,TALO_WHWEIGHT,TALO_CALCQTY,TALO_QTYPINPACK,ELI_BAGQUANT,ELI_BAGMINQUANT,ELI_BAGMAXQUANT,ELI_FIXEDQNT,ELI_PRODUCTION,ELI_WSSTEP,TULP_BLENDING",
      "fullload": "Y"
    },
    {
      "table": "SUPPLIERS",
      "teradatatable": "OM_PRTY_STG_SUPPLIERS",
      "splitbykey": "SUPNAME",
      "primarykey": "SUPNAME",
      "hivecolumns": "`SUPNAME` string,`SUP` int,`ADDRESS` string,`PHONE` string,`SUPDES` string,`CURRENCY` int,`PAY` int,`VATFLAG` string,`FAX` string,`ZIP` string,`PRIVTYPE` string,`STATE` string,`WARHS` int,`MONTHLY` string,`ZONE` int,`FNCPATTERN` int,`ACCOUNT` int,`CONSIGWARHS` int,`SHIPTYPE` int,`T$FOREIGN` string,`COUNTRY` int,`WTAXTBL` int,`WTAXPERCENT` float,`WTAXDATE` int,`WTAXNUM` string,`SECONDLANGTEXT` string,`FNCPATTERN2` int,`TAX` int,`WTAXFLAG` string,`ROUNDPRICE` string,`TAXOFFICE` int,`BDOMAIN` int,`NSFLAG` string,`FOBCOMMISSION` float,`OMR_CURRENCY` int,`WTAXNUMEXPL` string,`SHIPPER` int,`COMPNUM` string,`OCCUPATION` int,`VATNUM` string,`BRANCH` int,`RESTRICTED` string,`RESTRICTEDBY` int,`RESTRICTEDDATE` int,`CONFIRMEDDATE` int,`INVACCOUNT` int,`COSTC` int,`QIVFLAG` string,`CONFIDENTIAL` string,`WTAXSDATE` int,`WTAXEDATE` int,`SUPSTAT` int,`OWNER` int,`EXTFILEFLAG` string,`OMRI_CHECK` string,`ELI_CLASS` int,`ELI_SERVICE` int,`ELI_AGREEMENTEXPDATE` int,`SUPTYPE` int,`PAYDELAY` int,`REQDATEDAYS` int,`STATEID` int,`STATEA` string,`SHOWINWEB` string,`IMPTERM` int,`WTAXDISCOUNT` float,`WTAXDISCDATE` int,`TABLEFLAG` string,`INSCRIBED` string,`USER2` int,`UDATE2` int,`CREATEDDATE` int,`INTERNAL` string,`SENTTOSHAAM` string,`SHAAMUPDATE` int,`VATTYPE` string,`WTAXEXPL` string,`PROFORMA` string,`WTAXTBL2` int,`WTAXTBL3` int,`WTAXTYPE` string,`ADDRESS2` string,`ADDRESS3` string,`TLP_QUALIFIED` string,`DCMONTHSNEW` int,`DCMONTHS` int,`ADDTAXFLAG` string,`COMPSTATUS` string,`EUVATNUM` string,`ELI_COE` string,`TULP_DUNSRISK` int,`TULP_DUNSNUM` string,`TULP_OLDSUPDES` string,`TULP_TPIYN` string,`TULP_EPIC` string,`TULP_REASONBLOCK` int",
      "extracolumns": "current_time,updated_time,id",
      "extracolumnstype": "current_time timestamp,updated_time timestamp,id int",
      "query_based_import": "Y",
      "columns": "`SUPNAME`,`SUP`,`ADDRESS`,`PHONE`,`SUPDES`,`CURRENCY`,`PAY`,`VATFLAG`,`FAX`,`ZIP`,`PRIVTYPE`,`STATE`,`WARHS`,`MONTHLY`,`ZONE`,`FNCPATTERN`,`ACCOUNT`,`CONSIGWARHS`,`SHIPTYPE`,`T$FOREIGN`,`COUNTRY`,`WTAXTBL`,`WTAXPERCENT`,`WTAXDATE`,`WTAXNUM`,`SECONDLANGTEXT`,`FNCPATTERN2`,`TAX`,`WTAXFLAG`,`ROUNDPRICE`,`TAXOFFICE`,`BDOMAIN`,`NSFLAG`,`FOBCOMMISSION`,`OMR_CURRENCY`,`WTAXNUMEXPL`,`SHIPPER`,`COMPNUM`,`OCCUPATION`,`VATNUM`,`BRANCH`,`RESTRICTED`,`RESTRICTEDBY`,`RESTRICTEDDATE`,`CONFIRMEDDATE`,`INVACCOUNT`,`COSTC`,`QIVFLAG`,`CONFIDENTIAL`,`WTAXSDATE`,`WTAXEDATE`,`SUPSTAT`,`OWNER`,`EXTFILEFLAG`,`OMRI_CHECK`,`ELI_CLASS`,`ELI_SERVICE`,`ELI_AGREEMENTEXPDATE`,`SUPTYPE`,`PAYDELAY`,`REQDATEDAYS`,`STATEID`,`STATEA`,`SHOWINWEB`,`IMPTERM`,`WTAXDISCOUNT`,`WTAXDISCDATE`,`TABLEFLAG`,`INSCRIBED`,`USER2`,`UDATE2`,`CREATEDDATE`,`INTERNAL`,`SENTTOSHAAM`,`SHAAMUPDATE`,`VATTYPE`,`WTAXEXPL`,`PROFORMA`,`WTAXTBL2`,`WTAXTBL3`,`WTAXTYPE`,`ADDRESS2`,`ADDRESS3`,`TLP_QUALIFIED`,`DCMONTHSNEW`,`DCMONTHS`,`ADDTAXFLAG`,`COMPSTATUS`,`EUVATNUM`,`ELI_COE`,`TULP_DUNSRISK`,`TULP_DUNSNUM`,`TULP_OLDSUPDES`,`TULP_TPIYN`,`TULP_EPIC`,`TULP_REASONBLOCK`",
      "sqoopcolumns": "SUPNAME,SUP,ADDRESS,PHONE,SUPDES,CURRENCY,PAY,VATFLAG,FAX,ZIP,PRIVTYPE,STATE,WARHS,MONTHLY,ZONE,FNCPATTERN,ACCOUNT,CONSIGWARHS,SHIPTYPE,T\\$FOREIGN,COUNTRY,WTAXTBL,WTAXPERCENT,WTAXDATE,WTAXNUM,SECONDLANGTEXT,FNCPATTERN2,TAX,WTAXFLAG,ROUNDPRICE,TAXOFFICE,BDOMAIN,NSFLAG,FOBCOMMISSION,OMR_CURRENCY,WTAXNUMEXPL,SHIPPER,COMPNUM,OCCUPATION,VATNUM,BRANCH,RESTRICTED,RESTRICTEDBY,RESTRICTEDDATE,CONFIRMEDDATE,INVACCOUNT,COSTC,QIVFLAG,CONFIDENTIAL,WTAXSDATE,WTAXEDATE,SUPSTAT,OWNER,EXTFILEFLAG,OMRI_CHECK,ELI_CLASS,ELI_SERVICE,ELI_AGREEMENTEXPDATE,SUPTYPE,PAYDELAY,REQDATEDAYS,STATEID,STATEA,SHOWINWEB,IMPTERM,WTAXDISCOUNT,WTAXDISCDATE,TABLEFLAG,INSCRIBED,USER2,UDATE2,CREATEDDATE,INTERNAL,SENTTOSHAAM,SHAAMUPDATE,VATTYPE,WTAXEXPL,PROFORMA,WTAXTBL2,WTAXTBL3,WTAXTYPE,ADDRESS2,ADDRESS3,TLP_QUALIFIED,DCMONTHSNEW,DCMONTHS,ADDTAXFLAG,COMPSTATUS,EUVATNUM,ELI_COE,TULP_DUNSRISK,TULP_DUNSNUM,TULP_OLDSUPDES,TULP_TPIYN,TULP_EPIC,TULP_REASONBLOCK",
      "fullload": "Y"
    },
    {
      "table": "WAREHOUSES",
      "teradatatable": "OM_PRTY_STG_WAREHOUSES",
      "splitbykey": "WARHS",
      "primarykey": "WARHS",
      "hivecolumns": "`WARHS` int,`WARHSNAME` varchar(6),`TYPE` varchar(1),`WARHSDES` varchar(32),`LOCNAME` varchar(14),`LEADTIME` int,`ADDRESS` varchar(56),`STATE` varchar(20),`ZIP` varchar(10),`PHONE` varchar(20),`BUDGET` int,`COUNTRY` int,`COSTFLAG` varchar(1),`EXTINVFLAG` varchar(1),`INVACCOUNT` int,`COGACCOUNT` int,`VARACCOUNT` int,`DISACCOUNT` int,`SMPLACCOUNT` int,`GEXPACCOUNT` int,`INCACCOUNT` int,`NOTFORPLANFLAG` varchar(1),`COSTC` int,`COSTTRANSFLAG` varchar(1),`INC2ACCOUNT` int,`INC3ACCOUNT` int,`BONDED` varchar(1),`KITWARHS` int,`LABORACCOUNT` int,`OVERHEADACCOUNT` int,`PRICEVARACCOUNT` int,`COGLABORACCOUNT` int,`COGOVERHEADACCOUNT` int,`LOGCOUNTFLAG` varchar(1),`FAX` varchar(20),`ASSETFLAG` varchar(1),`EWARHSDES` varchar(32),`ADDRESSA` varchar(56),`STATEA` varchar(20),`PHONEB` int,`STATEID` int,`FRANCHISEFLAG` varchar(1),`PROJ` int,`MAINFLAG` varchar(1),`LOANFLAG` varchar(1),`SELLFLAG` varchar(1),`ISSUEWARHS` int,`CUSTINVFLAG` varchar(1),`OMR_PROD` varchar(1),`CUST` int,`SORT` int,`TRANSITWARHS` int,`ISTRANSITFLAG` varchar(1),`INACTIVE` varchar(1),`SALESRATEFLAG` varchar(1),`WARHSTYPE` int,`TALO_CYCLER` varchar(1),`ELI_FRONTAL` varchar(1),`ELI_INTRANSIT` varchar(1),`INV2ACCOUNT` int,`AISLE` varchar(2),`ROWW` varchar(2),`T$LEVEL` varchar(2),`STZONE` int,`ENTRANCEFLAG` varchar(1),`EXITFLAG` varchar(1),`ORIGFLAG` varchar(1),`REAL1` float,`INT3` int,`PIKORDER` int,`VELOCITY` varchar(1),`INT1` int,`PUTORDER` int,`CELL` varchar(2),`ADCCHECKLETTER` varchar(2),`WTASKPATTERN` int,`REAL2` float,`INT2` int,`LABELPATTERN` int,`ASSEMBLYACC` int,`CONVERSIONACC` int,`LABORAPPLACC` int,`LABORVARACC` int,`MATERIALVARACC` int,`OVERHEADAPPLACC` int,`OVERHEADVARACC` int,`STDCOSTVARACC` int,`BINTYPE` int,`ELI_BRANCH` int,`MAXTQUANT` int,`FORKLIFTFLAG` varchar(1),`AUTOSTORAGENUM` varchar(6),`ADDRESS2` varchar(80),`ADDRESS3` varchar(80),`AUTOSHPFLAG` varchar(1),`PACKTYPE` varchar(1),`COMPANY` int,`ELI_FINANCE` varchar(1),`TULP_DELIVERY` varchar(1),`ELI_ALLOWEXCSTATS` varchar(1),`TULP_EXCEPT` varchar(1),`TULP_OMP` varchar(1),`TULP_GMDFROM` varchar(1),`TULP_GMDTO` varchar(1)",
      "extracolumns": "current_time,updated_time,id",
      "extracolumnstype": "current_time timestamp,updated_time timestamp,id int",
      "query_based_import": "Y",
      "columns": "`WARHS`,`WARHSNAME`,`TYPE`,`WARHSDES`,`LOCNAME`,`LEADTIME`,`ADDRESS`,`STATE`,`ZIP`,`PHONE`,`BUDGET`,`COUNTRY`,`COSTFLAG`,`EXTINVFLAG`,`INVACCOUNT`,`COGACCOUNT`,`VARACCOUNT`,`DISACCOUNT`,`SMPLACCOUNT`,`GEXPACCOUNT`,`INCACCOUNT`,`NOTFORPLANFLAG`,`COSTC`,`COSTTRANSFLAG`,`INC2ACCOUNT`,`INC3ACCOUNT`,`BONDED`,`KITWARHS`,`LABORACCOUNT`,`OVERHEADACCOUNT`,`PRICEVARACCOUNT`,`COGLABORACCOUNT`,`COGOVERHEADACCOUNT`,`LOGCOUNTFLAG`,`FAX`,`ASSETFLAG`,`EWARHSDES`,`ADDRESSA`,`STATEA`,`PHONEB`,`STATEID`,`FRANCHISEFLAG`,`PROJ`,`MAINFLAG`,`LOANFLAG`,`SELLFLAG`,`ISSUEWARHS`,`CUSTINVFLAG`,`OMR_PROD`,`CUST`,`SORT`,`TRANSITWARHS`,`ISTRANSITFLAG`,`INACTIVE`,`SALESRATEFLAG`,`WARHSTYPE`,`TALO_CYCLER`,`ELI_FRONTAL`,`ELI_INTRANSIT`,`INV2ACCOUNT`,`AISLE`,`ROWW`,`T$LEVEL`,`STZONE`,`ENTRANCEFLAG`,`EXITFLAG`,`ORIGFLAG`,`REAL1`,`INT3`,`PIKORDER`,`VELOCITY`,`INT1`,`PUTORDER`,`CELL`,`ADCCHECKLETTER`,`WTASKPATTERN`,`REAL2`,`INT2`,`LABELPATTERN`,`ASSEMBLYACC`,`CONVERSIONACC`,`LABORAPPLACC`,`LABORVARACC`,`MATERIALVARACC`,`OVERHEADAPPLACC`,`OVERHEADVARACC`,`STDCOSTVARACC`,`BINTYPE`,`ELI_BRANCH`,`MAXTQUANT`,`FORKLIFTFLAG`,`AUTOSTORAGENUM`,`ADDRESS2`,`ADDRESS3`,`AUTOSHPFLAG`,`PACKTYPE`,`COMPANY`,`ELI_FINANCE`,`TULP_DELIVERY`,`ELI_ALLOWEXCSTATS`,`TULP_EXCEPT`,`TULP_OMP`,`TULP_GMDFROM`,`TULP_GMDTO`",
      "sqoopcolumns": "WARHS,WARHSNAME,TYPE,WARHSDES,LOCNAME,LEADTIME,ADDRESS,STATE,ZIP,PHONE,BUDGET,COUNTRY,COSTFLAG,EXTINVFLAG,INVACCOUNT,COGACCOUNT,VARACCOUNT,DISACCOUNT,SMPLACCOUNT,GEXPACCOUNT,INCACCOUNT,NOTFORPLANFLAG,COSTC,COSTTRANSFLAG,INC2ACCOUNT,INC3ACCOUNT,BONDED,KITWARHS,LABORACCOUNT,OVERHEADACCOUNT,PRICEVARACCOUNT,COGLABORACCOUNT,COGOVERHEADACCOUNT,LOGCOUNTFLAG,FAX,ASSETFLAG,EWARHSDES,ADDRESSA,STATEA,PHONEB,STATEID,FRANCHISEFLAG,PROJ,MAINFLAG,LOANFLAG,SELLFLAG,ISSUEWARHS,CUSTINVFLAG,OMR_PROD,CUST,SORT,TRANSITWARHS,ISTRANSITFLAG,INACTIVE,SALESRATEFLAG,WARHSTYPE,TALO_CYCLER,ELI_FRONTAL,ELI_INTRANSIT,INV2ACCOUNT,AISLE,ROWW,T\\$LEVEL,STZONE,ENTRANCEFLAG,EXITFLAG,ORIGFLAG,REAL1,INT3,PIKORDER,VELOCITY,INT1,PUTORDER,CELL,ADCCHECKLETTER,WTASKPATTERN,REAL2,INT2,LABELPATTERN,ASSEMBLYACC,CONVERSIONACC,LABORAPPLACC,LABORVARACC,MATERIALVARACC,OVERHEADAPPLACC,OVERHEADVARACC,STDCOSTVARACC,BINTYPE,ELI_BRANCH,MAXTQUANT,FORKLIFTFLAG,AUTOSTORAGENUM,ADDRESS2,ADDRESS3,AUTOSHPFLAG,PACKTYPE,COMPANY,ELI_FINANCE,TULP_DELIVERY,ELI_ALLOWEXCSTATS,TULP_EXCEPT,TULP_OMP,TULP_GMDFROM,TULP_GMDTO",
      "fullload": "Y"
    },
    {
      "table": "CUSTOMERS",
      "teradatatable": "OM_PRTY_STG_CUST",
      "splitbykey": "CUSTNAME",
      "primarykey": "CUSTNAME",
      "hivecolumns": "`CUSTNAME` varchar(16),`CUST` int,`ADDRESS` varchar(56),`PHONE` varchar(20),`CURRENCY` int,`CUSTDES` varchar(32),`VATFLAG` varchar(1),`PAY` int,`FAX` varchar(20),`ZIP` varchar(10),`MCUST` int,`ZONE` int,`STATE` varchar(20),`CTYPE` int,`MONTHLY` varchar(1),`BOOKNUM` varchar(7),`PAYCUST` int,`FNCPATTERN` int,`STATUSFLAG` varchar(1),`SELLFLAG` varchar(1),`ISSUEFLAG` varchar(1),`PRDFLAG` varchar(1),`ACCOUNT` int,`DISTRLINE` int,`SHIPTYPE` int,`DSTFLAG` varchar(1),`LABFLAG` varchar(1),`AGENT` int,`IVTYPE` varchar(1),`COUNTRY` int,`PARTFLAG` varchar(1),`SECONDLANGTEXT` varchar(1),`FNCPATTERN2` int,`IVTOPAYCUST` varchar(1),`TAX` int,`ROUNDPRICE` varchar(1),`INTEREST` int,`RESTRICTED` varchar(1),`RESTRICTDATE` int,`NSFLAG` varchar(1),`COMMISSION` float,`LINKDATE` varchar(1),`WTAXNUM` varchar(10),`KM` int,`ROADTIME` float,`PURTAXDATE` int,`OMR_PLASFLAG` varchar(1),`VATNUM` varchar(20),`INTERESTFLAG` varchar(1),`CTYPE2` int,`IMPTERM` int,`BONUSFLAG` varchar(1),`BRANCH` int,`LINKOPTIONS` varchar(1),`OMR_RETFLAG` varchar(1),`OMR_ASSFLAG` varchar(1),`UNLOADTIME` int,`DISTRORDER` int,`CONFIDENTIAL` varchar(1),`CASH` int,`CUSTSTAT` int,`OWNER` int,`EXTFILEFLAG` varchar(1),`OMR_RELEASE` varchar(1),`ELI_INACTIVE` varchar(1),`STATEID` int,`STATEA` varchar(40),`FORECAST` varchar(1),`PAYMENTDAYS` int,`CREDITDAYS` int,`YEARINCOME` float,`CREATEDDATE` int,`TERRITORY` int,`SALEPAYFLAG` varchar(1),`TIVCONTACT` int,`INTERNAL` varchar(1),`EDOCUMENTS` varchar(1),`OBLIGOCUST` int,`VATTYPE` varchar(1),`NONPROFITORG` varchar(1),`UNTILDAY` int,`WAVESTRATEGY` int,`WTAXTBL` int,`WTAXTBL2` int,`WTAXTBL3` int,`ADDRESS2` varchar(80),`ADDRESS3` varchar(80),`AUTOSHPFLAG` varchar(1),`CUSTCAMPAIGN` varchar(1),`AGENT2` int,`GPSX` varchar(20),`GPSY` varchar(20),`PACKGROUPTYPE` varchar(1),`ELI_ISEXPIRED` varchar(1),`PICKSTG` int,`MINEXPDAYS` int,`ELI_BUDGET` int,`CUSTDESLONG` varchar(80),`PCUST` int,`ADDTAXFLAG` varchar(1),`COMPSTATUS` varchar(1),`WTAXNUMEXPL` varchar(1),`STATUSDATE` int,`COMPETITORFLAG` varchar(1),`PURTAX` int,`IVPAYFLAG` varchar(1),`ELI_EXCEPTIONSTAT` varchar(1),`TULP_OMPCURRENTDATE` varchar(1),`TULP_UNBILLABLE` varchar(1)",
      "extracolumns": "current_time,updated_time,id",
      "extracolumnstype": "current_time timestamp,updated_time timestamp,id int",
      "query_based_import": "Y",
      "columns": "`CUSTNAME`,`CUST`,`ADDRESS`,`PHONE`,`CURRENCY`,`CUSTDES`,`VATFLAG`,`PAY`,`FAX`,`ZIP`,`MCUST`,`ZONE`,`STATE`,`CTYPE`,`MONTHLY`,`BOOKNUM`,`PAYCUST`,`FNCPATTERN`,`STATUSFLAG`,`SELLFLAG`,`ISSUEFLAG`,`PRDFLAG`,`ACCOUNT`,`DISTRLINE`,`SHIPTYPE`,`DSTFLAG`,`LABFLAG`,`AGENT`,`IVTYPE`,`COUNTRY`,`PARTFLAG`,`SECONDLANGTEXT`,`FNCPATTERN2`,`IVTOPAYCUST`,`TAX`,`ROUNDPRICE`,`INTEREST`,`RESTRICTED`,`RESTRICTDATE`,`NSFLAG`,`COMMISSION`,`LINKDATE`,`WTAXNUM`,`KM`,`ROADTIME`,`PURTAXDATE`,`OMR_PLASFLAG`,`VATNUM`,`INTERESTFLAG`,`CTYPE2`,`IMPTERM`,`BONUSFLAG`,`BRANCH`,`LINKOPTIONS`,`OMR_RETFLAG`,`OMR_ASSFLAG`,`UNLOADTIME`,`DISTRORDER`,`CONFIDENTIAL`,`CASH`,`CUSTSTAT`,`OWNER`,`EXTFILEFLAG`,`OMR_RELEASE`,`ELI_INACTIVE`,`STATEID`,`STATEA`,`FORECAST`,`PAYMENTDAYS`,`CREDITDAYS`,`YEARINCOME`,`CREATEDDATE`,`TERRITORY`,`SALEPAYFLAG`,`TIVCONTACT`,`INTERNAL`,`EDOCUMENTS`,`OBLIGOCUST`,`VATTYPE`,`NONPROFITORG`,`UNTILDAY`,`WAVESTRATEGY`,`WTAXTBL`,`WTAXTBL2`,`WTAXTBL3`,`ADDRESS2`,`ADDRESS3`,`AUTOSHPFLAG`,`CUSTCAMPAIGN`,`AGENT2`,`GPSX`,`GPSY`,`PACKGROUPTYPE`,`ELI_ISEXPIRED`,`PICKSTG`,`MINEXPDAYS`,`ELI_BUDGET`,`CUSTDESLONG`,`PCUST`,`ADDTAXFLAG`,`COMPSTATUS`,`WTAXNUMEXPL`,`STATUSDATE`,`COMPETITORFLAG`,`PURTAX`,`IVPAYFLAG`,`ELI_EXCEPTIONSTAT`,`TULP_OMPCURRENTDATE`,`TULP_UNBILLABLE`",
      "sqoopcolumns": "CUSTNAME,CUST,ADDRESS,PHONE,CURRENCY,CUSTDES,VATFLAG,PAY,FAX,ZIP,MCUST,ZONE,STATE,CTYPE,MONTHLY,BOOKNUM,PAYCUST,FNCPATTERN,STATUSFLAG,SELLFLAG,ISSUEFLAG,PRDFLAG,ACCOUNT,DISTRLINE,SHIPTYPE,DSTFLAG,LABFLAG,AGENT,IVTYPE,COUNTRY,PARTFLAG,SECONDLANGTEXT,FNCPATTERN2,IVTOPAYCUST,TAX,ROUNDPRICE,INTEREST,RESTRICTED,RESTRICTDATE,NSFLAG,COMMISSION,LINKDATE,WTAXNUM,KM,ROADTIME,PURTAXDATE,OMR_PLASFLAG,VATNUM,INTERESTFLAG,CTYPE2,IMPTERM,BONUSFLAG,BRANCH,LINKOPTIONS,OMR_RETFLAG,OMR_ASSFLAG,UNLOADTIME,DISTRORDER,CONFIDENTIAL,CASH,CUSTSTAT,OWNER,EXTFILEFLAG,OMR_RELEASE,ELI_INACTIVE,STATEID,STATEA,FORECAST,PAYMENTDAYS,CREDITDAYS,YEARINCOME,CREATEDDATE,TERRITORY,SALEPAYFLAG,TIVCONTACT,INTERNAL,EDOCUMENTS,OBLIGOCUST,VATTYPE,NONPROFITORG,UNTILDAY,WAVESTRATEGY,WTAXTBL,WTAXTBL2,WTAXTBL3,ADDRESS2,ADDRESS3,AUTOSHPFLAG,CUSTCAMPAIGN,AGENT2,GPSX,GPSY,PACKGROUPTYPE,ELI_ISEXPIRED,PICKSTG,MINEXPDAYS,ELI_BUDGET,CUSTDESLONG,PCUST,ADDTAXFLAG,COMPSTATUS,WTAXNUMEXPL,STATUSDATE,COMPETITORFLAG,PURTAX,IVPAYFLAG,ELI_EXCEPTIONSTAT,TULP_OMPCURRENTDATE,TULP_UNBILLABLE",
      "fullload": "Y"
    },
    {
      "table": "ACT",
      "teradatatable": "OM_PRTY_STG_ACT",
      "splitbykey": "ACTNAME",
      "primarykey": "ACTNAME",
      "hivecolumns": "`ACTNAME` string,`ACT` int,`WORKC` int,`ACTDES` string,`TIMEADJ` float,`UPD` string,`LOTSIZEDEP` string,`CLNSTOCK` string,`INVFLAG` string,`OMR_FILL` string,`PRODTIME` int,`OVERLAP` int,`LOTTIME` string,`PARALLEL` int,`PRODQUANT` int,`PALLETTYPE` int,`INACTIVE` string,`PACK` int,`NUMLEVEL` int,`PACKNUMLEVEL` int,`NUMPACK` int,`PALLETWARHS` int,`LASTDATE` int,`OPENDATE` int,`HOMOGENFLAG` string,`PALLETSTATE` string,`ORIGQUANT` int,`QUALITYRANK` int,`CUSTALLOW` string,`CUSTDENY` string",
      "extracolumns": "current_time,updated_time,id",
      "extracolumnstype": "current_time timestamp,updated_time timestamp,id int",
      "query_based_import": "Y",
      "columns": "`ACTNAME`,`ACT`,`WORKC`,`ACTDES`,`TIMEADJ`,`UPD`,`LOTSIZEDEP`,`CLNSTOCK`,`INVFLAG`,`OMR_FILL`,`PRODTIME`,`OVERLAP`,`LOTTIME`,`PARALLEL`,`PRODQUANT`,`PALLETTYPE`,`INACTIVE`,`PACK`,`NUMLEVEL`,`PACKNUMLEVEL`,`NUMPACK`,`PALLETWARHS`,`LASTDATE`,`OPENDATE`,`HOMOGENFLAG`,`PALLETSTATE`,`ORIGQUANT`,`QUALITYRANK`,`CUSTALLOW`,`CUSTDENY`",
      "sqoopcolumns": "ACTNAME,ACT,WORKC,ACTDES,TIMEADJ,UPD,LOTSIZEDEP,CLNSTOCK,INVFLAG,OMR_FILL,PRODTIME,OVERLAP,LOTTIME,PARALLEL,PRODQUANT,PALLETTYPE,INACTIVE,PACK,NUMLEVEL,PACKNUMLEVEL,NUMPACK,PALLETWARHS,LASTDATE,OPENDATE,HOMOGENFLAG,PALLETSTATE,ORIGQUANT,QUALITYRANK,CUSTALLOW,CUSTDENY",
      "fullload": "Y"
    },
    {
      "table": "REVISIONS",
      "teradatatable": "OM_PRTY_STG_REVISIONS",
      "splitbykey": "PART",
      "primarykey": "PART",
      "hivecolumns": "`PART` int,`REVNUM` string,`REV` int,`REVDATE` int,`T$PROC` int,`FATQUANT` float,`VALIDDATE` int,`SERIALNAME` string,`FROMDATE` int,`TILLDATE` int,`REVDES` string,`NEXTSIGN` int,`CONFIRMED` string,`ECO` int,`PARTREV` int",
      "extracolumns": "current_time,updated_time,id",
      "extracolumnstype": "current_time timestamp,updated_time timestamp,id int",
      "query_based_import": "Y",
      "columns": "`PART`,`REVNUM`,`REV`,`REVDATE`,`T$PROC`,`FATQUANT`,`VALIDDATE`,`SERIALNAME`,`FROMDATE`,`TILLDATE`,`REVDES`,`NEXTSIGN`,`CONFIRMED`,`ECO`,`PARTREV`",
      "sqoopcolumns": "PART,REVNUM,REV,REVDATE,T\\$PROC,FATQUANT,VALIDDATE,SERIALNAME,FROMDATE,TILLDATE,REVDES,NEXTSIGN,CONFIRMED,ECO,PARTREV",
      "fullload": "Y"
    },
    {
      "table": "FAMILY",
      "teradatatable": "OM_PRTY_STG_FAMILY",
      "splitbykey": "FAMILY",
      "primarykey": "FAMILY",
      "hivecolumns": "`FAMILY` int,`FAMILYNAME` string,`FAMILYDES` string,`FAMILYTYPE` int,`INVACCOUNT` int,`COGACCOUNT` int,`VARACCOUNT` int,`DISACCOUNT` int,`SMPLACCOUNT` int,`GEXPACCOUNT` int,`INCACCOUNT` int,`COSTC` int,`INC2ACCOUNT` int,`INC3ACCOUNT` int,`TYPE` string,`TECHFLAG` string,`LABORACCOUNT` int,`OVERHEADACCOUNT` int,`PRICEVARACCOUNT` int,`COGLABORACCOUNT` int,`COGOVERHEADACCOUNT` int,`TECHNICIAN` int,`DUTYPERCENT` float,`DUTYPERCENT1` float,`DUTYPERCENT2` float,`DUTYPERCENTTYPE` string,`DEBITFLAG` string,`DISTRFLAG` string,`OMR_APPROVE` string,`EFAMILYDES` string,`PROJPROCESS` string,`SELLFLAG` string,`NEGBALFLAG` string,`MRCK_CLASS` string,`INV2ACCOUNT` int,`PART` int,`FORECAST` string,`STORAGETYPE` int,`SERIALMONTHEXPIRY` string,`ISMFAMILY` string,`MFAMILY` int,`INACTIVE` string",
      "extracolumns": "current_time,updated_time,id",
      "extracolumnstype": "current_time timestamp,updated_time timestamp,id int",
      "query_based_import": "Y",
      "columns": "`FAMILY`,`FAMILYNAME`,`FAMILYDES`,`FAMILYTYPE`,`INVACCOUNT`,`COGACCOUNT`,`VARACCOUNT`,`DISACCOUNT`,`SMPLACCOUNT`,`GEXPACCOUNT`,`INCACCOUNT`,`COSTC`,`INC2ACCOUNT`,`INC3ACCOUNT`,`TYPE`,`TECHFLAG`,`LABORACCOUNT`,`OVERHEADACCOUNT`,`PRICEVARACCOUNT`,`COGLABORACCOUNT`,`COGOVERHEADACCOUNT`,`TECHNICIAN`,`DUTYPERCENT`,`DUTYPERCENT1`,`DUTYPERCENT2`,`DUTYPERCENTTYPE`,`DEBITFLAG`,`DISTRFLAG`,`OMR_APPROVE`,`EFAMILYDES`,`PROJPROCESS`,`SELLFLAG`,`NEGBALFLAG`,`MRCK_CLASS`,`INV2ACCOUNT`,`PART`,`FORECAST`,`STORAGETYPE`,`SERIALMONTHEXPIRY`,`ISMFAMILY`,`MFAMILY`,`INACTIVE`",
      "sqoopcolumns": "FAMILY,FAMILYNAME,FAMILYDES,FAMILYTYPE,INVACCOUNT,COGACCOUNT,VARACCOUNT,DISACCOUNT,SMPLACCOUNT,GEXPACCOUNT,INCACCOUNT,COSTC,INC2ACCOUNT,INC3ACCOUNT,TYPE,TECHFLAG,LABORACCOUNT,OVERHEADACCOUNT,PRICEVARACCOUNT,COGLABORACCOUNT,COGOVERHEADACCOUNT,TECHNICIAN,DUTYPERCENT,DUTYPERCENT1,DUTYPERCENT2,DUTYPERCENTTYPE,DEBITFLAG,DISTRFLAG,OMR_APPROVE,EFAMILYDES,PROJPROCESS,SELLFLAG,NEGBALFLAG,MRCK_CLASS,INV2ACCOUNT,PART,FORECAST,STORAGETYPE,SERIALMONTHEXPIRY,ISMFAMILY,MFAMILY,INACTIVE",
      "fullload": "Y"
    },
    {
      "table": "OMR_ABC",
      "teradatatable": "OM_PRTY_STG_ABC",
      "splitbykey": "ABC",
      "primarykey": "ABC",
      "hivecolumns": "`ABC` int,`ABCNAME` string,`INVDAYS` int",
      "extracolumns": "current_time,updated_time,id",
      "extracolumnstype": "current_time timestamp,updated_time timestamp,id int",
      "query_based_import": "Y",
      "columns": "`ABC`,`ABCNAME`,`INVDAYS`",
      "sqoopcolumns": "ABC,ABCNAME,INVDAYS",
      "fullload": "Y"
    },
    {
      "table": "ELI_EXPIRYMETHODS",
      "teradatatable": "OM_PRTY_STG_ELI_EM",
      "splitbykey": "METHOD",
      "primarykey": "METHOD",
      "hivecolumns": "`METHOD` int,`METHODCODE` string,`METHODDES` string,`TYPE` int,`RMONTH` int,`ROUNDED` string,`TULP_ROUNDED28` string",
      "extracolumns": "current_time,updated_time,id",
      "extracolumnstype": "current_time timestamp,updated_time timestamp,id int",
      "query_based_import": "Y",
      "columns": "`METHOD`,`METHODCODE`,`METHODDES`,`TYPE`,`RMONTH`,`ROUNDED`,`TULP_ROUNDED28`",
      "sqoopcolumns": "METHOD,METHODCODE,METHODDES,TYPE,RMONTH,ROUNDED,TULP_ROUNDED28",
      "fullload": "Y"
    },
    {
      "table": "PARTSTATS",
      "teradatatable": "OM_PRTY_STG_PARTSTART",
      "splitbykey": "PARTSTAT",
      "primarykey": "PARTSTAT",
      "hivecolumns": "`PARTSTAT` int,`STATDES` string,`INITSTATFLAG` string,`INACTIVEFLAG` string,`BUYFLAG` string,`SELLFLAG` string,`SORT` int,`ELI_EXPERIMENTAL` string,`TULP_INTCUSTSELL` string,`ECFLAG` string",
      "extracolumns": "current_time,updated_time,id",
      "extracolumnstype": "current_time timestamp,updated_time timestamp,id int",
      "query_based_import": "Y",
      "columns": "`PARTSTAT`,`STATDES`,`INITSTATFLAG`,`INACTIVEFLAG`,`BUYFLAG`,`SELLFLAG`,`SORT`,`ELI_EXPERIMENTAL`,`TULP_INTCUSTSELL`,`ECFLAG`",
      "sqoopcolumns": "PARTSTAT,STATDES,INITSTATFLAG,INACTIVEFLAG,BUYFLAG,SELLFLAG,SORT,ELI_EXPERIMENTAL,TULP_INTCUSTSELL,ECFLAG",
      "fullload": "Y"
    },
    {
      "table": "WARHSTYPE",
      "teradatatable": "OM_PRTY_STG_WARHSTYPE",
      "splitbykey": "WARHSTYPE",
      "primarykey": "WARHSTYPE",
      "hivecolumns": "`WARHSTYPE` int,`WARHSTYPECODE` string,`WARHSTYPENAME` string,`EWARHSTYPENAME` string,`STYPE` int",
      "extracolumns": "current_time,updated_time,id",
      "extracolumnstype": "current_time timestamp,updated_time timestamp,id int",
      "query_based_import": "Y",
      "columns": "`WARHSTYPE`,`WARHSTYPECODE`,`WARHSTYPENAME`,`EWARHSTYPENAME`,`STYPE`",
      "sqoopcolumns": "WARHSTYPE,WARHSTYPECODE,WARHSTYPENAME,EWARHSTYPENAME,STYPE",
      "fullload": "Y"
    },
    {
      "table": "UNIT",
      "teradatatable": "OM_PRTY_STG_UNIT",
      "splitbykey": "UNITNAME",
      "primarykey": "UNITNAME",
      "hivecolumns": "`UNITNAME` string,`UNIT` int,`UNITDES` string,`EUNITNAME` string,`MAINWUNITFLAG` string,`MACABITYPE` string",
      "extracolumns": "current_time,updated_time,id",
      "extracolumnstype": "current_time timestamp,updated_time timestamp,id int",
      "query_based_import": "Y",
      "columns": "`UNITNAME`,`UNIT`,`UNITDES`,`EUNITNAME`,`MAINWUNITFLAG`,`MACABITYPE`",
      "sqoopcolumns": "UNITNAME,UNIT,UNITDES,EUNITNAME,MAINWUNITFLAG,MACABITYPE",
      "fullload": "Y"
    },
    {
      "table": "DOCTYPES",
      "teradatatable": "OM_PRTY_STG_DOCTYPES",
      "splitbykey": "WARHS",
      "primarykey": "WARHS",
      "hivecolumns": "`TYPE`string,`T$EXEC` int,`OTYPE`string,`COSTTYPE`string,`IVFLAG`string,`DOCFLAG`string,`DAYSAHEAD`int,`ISSUE`string,`DEBIT`string,`DOCCODE`string,`DOCDES`string,`SERNUMFLAG`string,`SERNUMCHECK`string,`WWWEXEC`int,`WARHS`int,`DEADINV`string,`EDOCCODE`string,`EDOCDES`string,`DOCSTATUSTYPE`string,`COGSONLINE`string,`COGSDETAILS`string,`DOCPATPREFIX`string,`WWWPRINTEXEC`int,`WWWPRINTFORMATNUM`int,`SIGNFLAG`string,`KEEPZEROLINES`string,`BOOKNUMCOUNTERFLAG`string,`EWWWPRINTEXEC`int,`EWWWPRINTFORMATNUM`int",
      "extracolumns": "current_time,updated_time,id",
      "extracolumnstype": "current_time timestamp,updated_time timestamp,id int",
      "query_based_import": "Y",
      "columns": "`TYPE`,`T$EXEC`,`OTYPE`,`COSTTYPE`,`IVFLAG`,`DOCFLAG`,`DAYSAHEAD`,`ISSUE`,`DEBIT`,`DOCCODE`,`DOCDES`,`SERNUMFLAG`,`SERNUMCHECK`,`WWWEXEC`,`WARHS`,`DEADINV`,`EDOCCODE`,`EDOCDES`,`DOCSTATUSTYPE`,`COGSONLINE`,`COGSDETAILS`,`DOCPATPREFIX`,`WWWPRINTEXEC`,`WWWPRINTFORMATNUM`,`SIGNFLAG`,`KEEPZEROLINES`,`BOOKNUMCOUNTERFLAG`,`EWWWPRINTEXEC`,`EWWWPRINTFORMATNUM`",
      "sqoopcolumns": "TYPE,T\\$EXEC,OTYPE,COSTTYPE,IVFLAG,DOCFLAG,DAYSAHEAD,ISSUE,DEBIT,DOCCODE,DOCDES,SERNUMFLAG,SERNUMCHECK,WWWEXEC,WARHS,DEADINV,EDOCCODE,EDOCDES,DOCSTATUSTYPE,COGSONLINE,COGSDETAILS,DOCPATPREFIX,WWWPRINTEXEC,WWWPRINTFORMATNUM,SIGNFLAG,KEEPZEROLINES,BOOKNUMCOUNTERFLAG,EWWWPRINTEXEC,EWWWPRINTFORMATNUM",
      "fullload": "Y"
    },
    {
      "table": "TRANSORDER",
      "teradatatable": "OM_PRTY_STG_TRANSORDER",
      "splitbykey": "SERIAL",
      "primarykey": "SERIAL",
      "hivecolumns": "`DOC` int,`PART` int,`QUANT` int,`ORDI` int,`CUST` int,`TOCUST` int,`ACT` int,`SERIAL` int,`LINE` int,`TOSERIAL` int,`PRICE` float,`NUMPACK` int,`PACK` int,`TQUANT` int,`KLINE` int,`TUNIT` int,`T$USER` int,`UDATE` int,`PQUANT` int,`SETFLAG` varchar(1),`WARHS` int,`CURDATE` int,`TOWARHS` int,`TYPE` varchar(1),`TOPART` int,`TOACT` int,`FORSERIAL` int,`FORACT` int,`BACKFLUSH` varchar(1),`DOLLAR` float,`CQUANT` int,`TRANS` int,`IV` int,`ONLOAN` varchar(1),`SUPPART` int,`NONSTANDARD` int,`FLAG` varchar(1),`REV` int,`DESTCODE` int,`DEMDATE` int,`BUDGET` int,`COST` float,`SECONDCOST` float,`DEFECT` int,`FORPART` int,`CURRENCY` int,`COSTQUANT` int,`COSTFLAG` varchar(1),`MANUALIV` varchar(1),`DUTYPERCENTTYPE` varchar(1),`COGFLAG` varchar(1),`COSTC` int,`PAGENUM` varchar(3),`STORNOFLAG` varchar(1),`BRANCH` int,`PNUMPACK` int,`T$PERCENT` float,`VATFLAG` varchar(1),`PRSOURCE` varchar(1),`ICURRENCY` int,`IEXCHANGE` float,`CHECKING` varchar(1),`REWORKFLAG` varchar(1),`OMR_GRADE` int,`OMR_FROMDDATE` int,`OMR_TODDATE` int,`OMR_PLASQUANT` int,`ELI_PARTIALISSUE` varchar(1),`ELI_PLASQUANTR` float,`ELI_BAGNUM` int,`ELI_TOTALBAGNUM` int,`ELI_ACT` int,`ELI_TOBEREJECT` varchar(1),`XKLINE` int,`TULP_MACHINE` varchar(70),`ELI_DONERELTESTING` varchar(1),`TULP_GLOCNAME` varchar(14),`TULP_GWARHSNAME` varchar(6),`TULP_GCUSTNAME` varchar(16)",
      "extracolumnstype": "current_time timestamp,updated_time timestamp,id int",
      "extracolumns": "current_time,updated_time,id",
      "query_based_import": "Y",
      "columns": "`DOC`,`PART`,`QUANT`,`ORDI`,`CUST`,`TOCUST`,`ACT`,`SERIAL`,`LINE`,`TOSERIAL`,`PRICE`,`NUMPACK`,`PACK`,`TQUANT`,`KLINE`,`TUNIT`,`T$USER`,`UDATE`,`PQUANT`,`SETFLAG`,`WARHS`,`CURDATE`,`TOWARHS`,`TYPE`,`TOPART`,`TOACT`,`FORSERIAL`,`FORACT`,`BACKFLUSH`,`DOLLAR`,`CQUANT`,`TRANS`,`IV`,`ONLOAN`,`SUPPART`,`NONSTANDARD`,`FLAG`,`REV`,`DESTCODE`,`DEMDATE`,`BUDGET`,`COST`,`SECONDCOST`,`DEFECT`,`FORPART`,`CURRENCY`,`COSTQUANT`,`COSTFLAG`,`MANUALIV`,`DUTYPERCENTTYPE`,`COGFLAG`,`COSTC`,`PAGENUM`,`STORNOFLAG`,`BRANCH`,`PNUMPACK`,`T$PERCENT`,`VATFLAG`,`PRSOURCE`,`ICURRENCY`,`IEXCHANGE`,`CHECKING`,`REWORKFLAG`,`OMR_GRADE`,`OMR_FROMDDATE`,`OMR_TODDATE`,`OMR_PLASQUANT`,`ELI_PARTIALISSUE`,`ELI_PLASQUANTR`,`ELI_BAGNUM`,`ELI_TOTALBAGNUM`,`ELI_ACT`,`ELI_TOBEREJECT`,`XKLINE`,`TULP_MACHINE`,`ELI_DONERELTESTING`,`TULP_GLOCNAME`,`TULP_GWARHSNAME`,`TULP_GCUSTNAME`",
      "sqoopcolumns": "DOC,PART,QUANT,ORDI,CUST,TOCUST,ACT,SERIAL,LINE,TOSERIAL,PRICE,NUMPACK,PACK,TQUANT,KLINE,TUNIT,T\\$USER,UDATE,PQUANT,SETFLAG,WARHS,CURDATE,TOWARHS,TYPE,TOPART,TOACT,FORSERIAL,FORACT,BACKFLUSH,DOLLAR,CQUANT,TRANS,IV,ONLOAN,SUPPART,NONSTANDARD,FLAG,REV,DESTCODE,DEMDATE,BUDGET,COST,SECONDCOST,DEFECT,FORPART,CURRENCY,COSTQUANT,COSTFLAG,MANUALIV,DUTYPERCENTTYPE,COGFLAG,COSTC,PAGENUM,STORNOFLAG,BRANCH,PNUMPACK,T\\$PERCENT,VATFLAG,PRSOURCE,ICURRENCY,IEXCHANGE,CHECKING,REWORKFLAG,OMR_GRADE,OMR_FROMDDATE,OMR_TODDATE,OMR_PLASQUANT,ELI_PARTIALISSUE,ELI_PLASQUANTR,ELI_BAGNUM,ELI_TOTALBAGNUM,ELI_ACT,ELI_TOBEREJECT,XKLINE,TULP_MACHINE,ELI_DONERELTESTING,TULP_GLOCNAME,TULP_GWARHSNAME,TULP_GCUSTNAME",
      "fullload": "Y"
    },
    {
      "table": "PARTPARAM",
      "teradatatable": "OM_PRTY_STG_PARTPARAM",
      "splitbykey": "PART",
      "primarykey": "PART",
      "hivecolumns": "`PART` int,`INVLEVEL` int,`CHANGE` int,`PURQUANT` int,`INCREMENT` int,`EXPIRYMONTH` int,`EXPIRYDAYS` int,`CUST` int,`VALIDITYEXTENSION` int,`WARHS` int,`ONLOAN` varchar(1),`LEADTIME` int,`PPACK` int,`ADDPARTTREEFLAG` varchar(1),`PURTAX` int,`DEFECT` float,`ORDQUANTTOL` float,`INVFLAG` varchar(1),`PARTPARAM` int,`CLORDTOL` float,`SUP` int,`PRICE` float,`ACCOUNT` int,`INVDAYS` int,`MINPURQUANT` int,`MINQUANT` int,`PURPOLICY` varchar(1),`BUYER` int,`PLEADTIME` int,`WEIGHT` float,`VOLUME` float,`DUTYTYPE` varchar(1),`DUTYPERCENT` float,`NSFLAG` varchar(1),`SHIPMDAYS` int,`LABDAYS` int,`VATFLAG` varchar(1),`ASSEMBLY` varchar(1),`BUDGET` int,`SUPCOST` float,`SECONDSUPCOST` float,`ORDCOST` float,`SECONDORDCOST` float,`SHRCOST` float,`SECONDSHRCOST` float,`CLORDTOLNUM` int,`DUTYPERCENT1` float,`DUTYPERCENT2` float,`DUTYPERCENTTYPE` varchar(1),`DEVIATION` float,`ACCFAMILY` int,`ABC` varchar(1),`OVERLAP` int,`PRODQUANT` int,`PRODDAYS` int,`WARRANTY` int,`WUNIT` int,`T$USER` int,`UDATE` int,`RECEIVEWARN` varchar(1),`MRPSTART` varchar(1),`SALETRANSDATE` int,`PURTRANSDATE` int,`WARHSTRANSDATE` int,`CUSTOMSITEM` int,`TAX` int,`PARALLEL` int,`LOTTIME` varchar(1),`OMR_SELL` varchar(1),`TAXGROUP` int,`AUTOPRODTIME` varchar(1),`ASSETGROUP` int,`MAXPURQUANT` int,`MINSERIALQUANT` int,`MINREPLENISHQUANT` int,`REPLENISHINC` int,`MAINWEIGHT` float,`FORECAST` varchar(1),`ELI_CUST` int,`WIDTH` float,`LENGTH` float,`HEIGHT` float,`ELI_COPYEXPDATE` varchar(1),`ELI_METHOD` int,`TUL_PLANNER` int,`TUL_PLNR` int,`ELI_WEIGHEXPDAYS` int,`EXCISETAXFLAG` varchar(1)",
      "extracolumnstype": "current_time timestamp,updated_time timestamp,id int",
      "extracolumns": "current_time,updated_time,id",
      "query_based_import": "Y",
      "columns": "`PART`,`INVLEVEL`,`CHANGE`,`PURQUANT`,`INCREMENT`,`EXPIRYMONTH`,`EXPIRYDAYS`,`CUST`,`VALIDITYEXTENSION`,`WARHS`,`ONLOAN`,`LEADTIME`,`PPACK`,`ADDPARTTREEFLAG`,`PURTAX`,`DEFECT`,`ORDQUANTTOL`,`INVFLAG`,`PARTPARAM`,`CLORDTOL`,`SUP`,`PRICE`,`ACCOUNT`,`INVDAYS`,`MINPURQUANT`,`MINQUANT`,`PURPOLICY`,`BUYER`,`PLEADTIME`,`WEIGHT`,`VOLUME`,`DUTYTYPE`,`DUTYPERCENT`,`NSFLAG`,`SHIPMDAYS`,`LABDAYS`,`VATFLAG`,`ASSEMBLY`,`BUDGET`,`SUPCOST`,`SECONDSUPCOST`,`ORDCOST`,`SECONDORDCOST`,`SHRCOST`,`SECONDSHRCOST`,`CLORDTOLNUM`,`DUTYPERCENT1`,`DUTYPERCENT2`,`DUTYPERCENTTYPE`,`DEVIATION`,`ACCFAMILY`,`ABC`,`OVERLAP`,`PRODQUANT`,`PRODDAYS`,`WARRANTY`,`WUNIT`,`T$USER`,`UDATE`,`RECEIVEWARN`,`MRPSTART`,`SALETRANSDATE`,`PURTRANSDATE`,`WARHSTRANSDATE`,`CUSTOMSITEM`,`TAX`,`PARALLEL`,`LOTTIME`,`OMR_SELL`,`TAXGROUP`,`AUTOPRODTIME`,`ASSETGROUP`,`MAXPURQUANT`,`MINSERIALQUANT`,`MINREPLENISHQUANT`,`REPLENISHINC`,`MAINWEIGHT`,`FORECAST`,`ELI_CUST`,`WIDTH`,`LENGTH`,`HEIGHT`,`ELI_COPYEXPDATE`,`ELI_METHOD`,`TUL_PLANNER`,`TUL_PLNR`,`ELI_WEIGHEXPDAYS`,`EXCISETAXFLAG`",
      "sqoopcolumns": "PART,INVLEVEL,CHANGE,PURQUANT,INCREMENT,EXPIRYMONTH,EXPIRYDAYS,CUST,VALIDITYEXTENSION,WARHS,ONLOAN,LEADTIME,PPACK,ADDPARTTREEFLAG,PURTAX,DEFECT,ORDQUANTTOL,INVFLAG,PARTPARAM,CLORDTOL,SUP,PRICE,ACCOUNT,INVDAYS,MINPURQUANT,MINQUANT,PURPOLICY,BUYER,PLEADTIME,WEIGHT,VOLUME,DUTYTYPE,DUTYPERCENT,NSFLAG,SHIPMDAYS,LABDAYS,VATFLAG,ASSEMBLY,BUDGET,SUPCOST,SECONDSUPCOST,ORDCOST,SECONDORDCOST,SHRCOST,SECONDSHRCOST,CLORDTOLNUM,DUTYPERCENT1,DUTYPERCENT2,DUTYPERCENTTYPE,DEVIATION,ACCFAMILY,ABC,OVERLAP,PRODQUANT,PRODDAYS,WARRANTY,WUNIT,T\\$USER,UDATE,RECEIVEWARN,MRPSTART,SALETRANSDATE,PURTRANSDATE,WARHSTRANSDATE,CUSTOMSITEM,TAX,PARALLEL,LOTTIME,OMR_SELL,TAXGROUP,AUTOPRODTIME,ASSETGROUP,MAXPURQUANT,MINSERIALQUANT,MINREPLENISHQUANT,REPLENISHINC,MAINWEIGHT,FORECAST,ELI_CUST,WIDTH,LENGTH,HEIGHT,ELI_COPYEXPDATE,ELI_METHOD,TUL_PLANNER,TUL_PLNR,ELI_WEIGHEXPDAYS,EXCISETAXFLAG",
      "fullload": "Y"
   },
   {
      "table": "COUNTRIES",
      "teradatatable": "OM_PRTY_STG_COUNTRIES",
      "splitbykey": "COUNTRY",
      "primarykey": "COUNTRY",
      "hivecolumns": "`COUNTRY` int,`COUNTRYNAME` varchar(18),`CUSTOMSTYPE` varchar(1),`COUNTRYCODE` varchar(2),`TAX` int,`OMR_MINWAIT` int,`OMR_MAXWAIT` int,`INTRASTATCODE` varchar(2),`ECOUNTRYNAME` varchar(18),`USAPHONE` varchar(1),`VATNUM_FORMAT` varchar(16),`VATNUM_LENGTH` varchar(8),`ECSLCODE` varchar(2),`COUNTRYCODE3` varchar(3),`PIKORDER` int,`BLACKLISTFLAG` varchar(1),`NATIONALITY` varchar(40),`EEAFLAG` varchar(1)",
      "extracolumnstype": "current_time timestamp,updated_time timestamp,id int",
      "extracolumns": "current_time,updated_time,id",
      "query_based_import": "Y",
      "columns": "`COUNTRY`,`COUNTRYNAME`,`CUSTOMSTYPE`,`COUNTRYCODE`,`TAX`,`OMR_MINWAIT`,`OMR_MAXWAIT`,`INTRASTATCODE`,`ECOUNTRYNAME`,`USAPHONE`,`VATNUM_FORMAT`,`VATNUM_LENGTH`,`ECSLCODE`,`COUNTRYCODE3`,`PIKORDER`,`BLACKLISTFLAG`,`NATIONALITY`,`EEAFLAG`",
      "sqoopcolumns": "COUNTRY,COUNTRYNAME,CUSTOMSTYPE,COUNTRYCODE,TAX,OMR_MINWAIT,OMR_MAXWAIT,INTRASTATCODE,ECOUNTRYNAME,USAPHONE,VATNUM_FORMAT,VATNUM_LENGTH,ECSLCODE,COUNTRYCODE3,PIKORDER,BLACKLISTFLAG,NATIONALITY,EEAFLAG",
      "fullload": "Y"
   },
   {
       "table": "BRANCHES",
       "teradatatable": "OM_PRTY_STG_BRANCHES",
       "splitbykey": "BRANCH",
       "primarykey": "BRANCH",
       "hivecolumns": "`BRANCH` int,`BRANCHNAME` varchar(6),`PHONE` varchar(20),`FAX` varchar(20),`WARHS` int,`CASH` int,`BRANCHDES` varchar(32),`IDENTOLD` varchar(1),`CUST` int,`RETCASH` int,`EBRANCHDES` varchar(32),`IDENT` varchar(3),`COMPANY` int,`COSTC` int,`SHVA_TERMINAL` int,`DISTRICT` int,`ADDRESS` varchar(80),`ZIP` varchar(10),`STATE` varchar(40),`COUNTRY` int,`ADDRESSA` varchar(80),`PHONEA` varchar(20),`FAXA` varchar(20),`ZIPA` varchar(16),`STATEA` varchar(40),`EMAIL` varchar(48),`WEBSITE` varchar(48),`EXTFILENAME` varchar(80),`EXTFILENAMEE` varchar(80),`INTERNALCUST` int,`INTERNALSUP` int,`ACCOUNT` int,`WTAXNUM` varchar(16),`WITHHOLDINGNUM` varchar(10),`ELI_INACTIVE` varchar(1),`INACTIVE` varchar(1),`ADDRESS2` varchar(80),`ADDRESS3` varchar(80),`TULP_BUYER` int,`TULP_RANDD` varchar(1),`ESTABLISHDATE` int,`APPUSER` int,`ELI_ICUSTFORPACK` int",
       "extracolumnstype": "current_time timestamp,updated_time timestamp,id int",
       "extracolumns": "current_time,updated_time,id",
       "query_based_import": "Y",
       "columns": "`BRANCH`,`BRANCHNAME`,`PHONE`,`FAX`,`WARHS`,`CASH`,`BRANCHDES`,`IDENTOLD`,`CUST`,`RETCASH`,`EBRANCHDES`,`IDENT`,`COMPANY`,`COSTC`,`SHVA_TERMINAL`,`DISTRICT`,`ADDRESS`,`ZIP`,`STATE`,`COUNTRY`,`ADDRESSA`,`PHONEA`,`FAXA`,`ZIPA`,`STATEA`,`EMAIL`,`WEBSITE`,`EXTFILENAME`,`EXTFILENAMEE`,`INTERNALCUST`,`INTERNALSUP`,`ACCOUNT`,`WTAXNUM`,`WITHHOLDINGNUM`,`ELI_INACTIVE`,`INACTIVE`,`ADDRESS2`,`ADDRESS3`,`TULP_BUYER`,`TULP_RANDD`,`ESTABLISHDATE`,`APPUSER`,`ELI_ICUSTFORPACK`",
       "sqoopcolumns": "BRANCH,BRANCHNAME,PHONE,FAX,WARHS,CASH,BRANCHDES,IDENTOLD,CUST,RETCASH,EBRANCHDES,IDENT,COMPANY,COSTC,SHVA_TERMINAL,DISTRICT,ADDRESS,ZIP,STATE,COUNTRY,ADDRESSA,PHONEA,FAXA,ZIPA,STATEA,EMAIL,WEBSITE,EXTFILENAME,EXTFILENAMEE,INTERNALCUST,INTERNALSUP,ACCOUNT,WTAXNUM,WITHHOLDINGNUM,ELI_INACTIVE,INACTIVE,ADDRESS2,ADDRESS3,TULP_BUYER,TULP_RANDD,ESTABLISHDATE,APPUSER,ELI_ICUSTFORPACK",
       "fullload": "Y"
   } 
  ]
}